id,userId,posSystem,posItemId,posItemName,variationName,inventoryId,createdAt
1,92193a1d-52d5-4c20-ba07-0ecea6e0245b,square,3I4FATUVGUZQL7SMNZCN4N65,Lemonade (Regular),Classic,,2026-04-03 13:38:37.815259
2,92193a1d-52d5-4c20-ba07-0ecea6e0245b,square,NCYRBCACVVLIPKAN27CDEKLF,Lemonade (Regular),Blue Raz,,2026-04-03 13:38:37.815259
3,92193a1d-52d5-4c20-ba07-0ecea6e0245b,square,R2NPSFEGQ55HJWA2ZKY3AQSR,Lemonade (Regular),Candied Orange,118,2026-04-03 13:38:37.815259
4,92193a1d-52d5-4c20-ba07-0ecea6e0245b,square,2YQXXQJ5W5FYXVNHUMF6S2BK,Lemonade (Regular),Cherry,134,2026-04-03 13:38:37.815259
5,92193a1d-52d5-4c20-ba07-0ecea6e0245b,square,Q4BDHJSC6CVYBXV65JDFWHBK,Lemonade (Regular),Coconut,130,2026-04-03 13:38:37.815259
6,92193a1d-52d5-4c20-ba07-0ecea6e0245b,square,4ALBQIKBUKA2LWDU6BH5RTXH,Lemonade (Regular),Cucumber,120,2026-04-03 13:38:37.815259
7,92193a1d-52d5-4c20-ba07-0ecea6e0245b,square,SEXBM72NOWD53GZ4HY5KEEF4,Lemonade (Regular),French Vanilla,127,2026-04-03 13:38:37.815259
8,92193a1d-52d5-4c20-ba07-0ecea6e0245b,square,V256FXDDSEJU6PNEPRJQ4OU5,Lemonade (Regular),Lavender,121,2026-04-03 13:38:37.815259
9,92193a1d-52d5-4c20-ba07-0ecea6e0245b,square,B35M36O6MYOKK6EVVYCU7TAE,Lemonade (Regular),Peach,131,2026-04-03 13:38:37.815259
10,92193a1d-52d5-4c20-ba07-0ecea6e0245b,square,TBGUU5CAFDK7HF4TXIQNQLX5,Lemonade (Regular),Pineapple,123,2026-04-03 13:38:37.815259
11,92193a1d-52d5-4c20-ba07-0ecea6e0245b,square,LITQ34C7ZT3NKCODHGGFJFXL,Lemonade (Regular),Raspberry,132,2026-04-03 13:38:37.815259
12,92193a1d-52d5-4c20-ba07-0ecea6e0245b,square,62UBGZIIMWMLCYJFYSB42LU2,Lemonade (Regular),Rose,,2026-04-03 13:38:37.815259
13,92193a1d-52d5-4c20-ba07-0ecea6e0245b,square,I3B54GUNWTAJRPYTNZ2J2CZV,Lemonade (Regular),Stone Fruit (Peach Apricot and Dark Cherry,,2026-04-03 13:38:37.815259
14,92193a1d-52d5-4c20-ba07-0ecea6e0245b,square,SF3L4RYVL6Z3DOY2RTDDKCEP,Lemonade (Regular),Strawberry,133,2026-04-03 13:38:37.815259
15,92193a1d-52d5-4c20-ba07-0ecea6e0245b,square,KTXKMTFSTY7M6SR7KVY5GL5L,Lemonade (Regular),Watermelon,126,2026-04-03 13:38:37.815259
16,92193a1d-52d5-4c20-ba07-0ecea6e0245b,square,WTBABIL2AXVBCLGEIVJQON3I,Hawaii Blue,Regular,117,2026-04-03 13:38:37.815259
17,92193a1d-52d5-4c20-ba07-0ecea6e0245b,square,V2GLAXGIZLQCEADXDS4JKURL,Sweet Dream,Regular,,2026-04-03 13:38:37.815259
18,92193a1d-52d5-4c20-ba07-0ecea6e0245b,square,HMICXUHGAPE5ZO657VLRB47P,Lemonade (SF),SF Classic,,2026-04-03 13:38:37.815259
19,92193a1d-52d5-4c20-ba07-0ecea6e0245b,square,A2T46ZLARYKQE7QC2G22QSG5,Lemonade (SF),SF Blue Raz,,2026-04-03 13:38:37.815259
20,92193a1d-52d5-4c20-ba07-0ecea6e0245b,square,MLFUBWPPXCKVY45IRTBBBI6Q,Lemonade (SF),SF Cherry,,2026-04-03 13:38:37.815259
21,92193a1d-52d5-4c20-ba07-0ecea6e0245b,square,SNPQYWZ5W4Q6EMKYFSAF6W2W,Lemonade (SF),SF Coconut,,2026-04-03 13:38:37.815259
22,92193a1d-52d5-4c20-ba07-0ecea6e0245b,square,IZ7IF7FT5VZZJ3AT74ICFSEN,Lemonade (SF),SF Peach,,2026-04-03 13:38:37.815259
23,92193a1d-52d5-4c20-ba07-0ecea6e0245b,square,L4JAREDG523BNKGGL4NHSGXD,Lemonade (SF),SF Raspberry,,2026-04-03 13:38:37.815259
24,92193a1d-52d5-4c20-ba07-0ecea6e0245b,square,T5HLCUWTKSV4KH7SRM6GWKDK,Lemonade (SF),SF Strawberry,,2026-04-03 13:38:37.815259
25,92193a1d-52d5-4c20-ba07-0ecea6e0245b,square,OEFU3HRBSUFOLRXRZYZSYMNY,Cherry Limeade,Regular,128,2026-04-03 13:38:37.815259
26,92193a1d-52d5-4c20-ba07-0ecea6e0245b,square,MYZKTUAS3FW24UMTTNAX2NKS,Cherry Limeade,Sugar Free,134,2026-04-03 13:38:37.815259
27,92193a1d-52d5-4c20-ba07-0ecea6e0245b,square,TJOVSU227MFEPJKU6CIZDR4M,Blue Lagoon,Regular,117,2026-04-03 13:38:37.815259
28,92193a1d-52d5-4c20-ba07-0ecea6e0245b,square,HRDB6LKGNIKB35EZT6WPBLPZ,Limeade (Regular),Classic,,2026-04-03 13:38:37.815259
29,92193a1d-52d5-4c20-ba07-0ecea6e0245b,square,YKSFQOQGCHJ3BKK6W5CZ276U,Limeade (Regular),Blue Raz,,2026-04-03 13:38:37.815259
30,92193a1d-52d5-4c20-ba07-0ecea6e0245b,square,TV52GMNA5HF2DG7YXFDGIFL5,Limeade (Regular),Candied Orange,118,2026-04-03 13:38:37.815259
31,92193a1d-52d5-4c20-ba07-0ecea6e0245b,square,CV6D3KMBX2LBDRK7ZVZTNPYW,Limeade (Regular),Coconut,130,2026-04-03 13:38:37.815259
32,92193a1d-52d5-4c20-ba07-0ecea6e0245b,square,T2DVL24FHL7USEJMVLRG6JA2,Limeade (Regular),Cucumber,120,2026-04-03 13:38:37.815259
33,92193a1d-52d5-4c20-ba07-0ecea6e0245b,square,UWZTUQV6Q6RUKWYME3YQ32JA,Limeade (Regular),French Vanilla,127,2026-04-03 13:38:37.815259
34,92193a1d-52d5-4c20-ba07-0ecea6e0245b,square,Z6IFV5WZNXN2DLARSPPOJMOU,Limeade (Regular),Lavender,121,2026-04-03 13:38:37.815259
35,92193a1d-52d5-4c20-ba07-0ecea6e0245b,square,SUQJ6MYMBFBH7SL6B3D5ZFLQ,Limeade (Regular),Peach,131,2026-04-03 13:38:37.815259
36,92193a1d-52d5-4c20-ba07-0ecea6e0245b,square,K77UA72XN3FIMGSJ2E2PK7IC,Limeade (Regular),Pineapple,123,2026-04-03 13:38:37.815259
37,92193a1d-52d5-4c20-ba07-0ecea6e0245b,square,3UFK2V24IXCJVD6OW7ECR4FA,Limeade (Regular),Raspberry,132,2026-04-03 13:38:37.815259
38,92193a1d-52d5-4c20-ba07-0ecea6e0245b,square,WBJK4ZRFJ4I5474EJROEM376,Limeade (Regular),Rose,,2026-04-03 13:38:37.815259
39,92193a1d-52d5-4c20-ba07-0ecea6e0245b,square,A6BEL4ZAUYHGD6BZ7EPZO5JZ,Limeade (Regular),Stone fruit (Peach Apricot and Dark Cherry),,2026-04-03 13:38:37.815259
40,92193a1d-52d5-4c20-ba07-0ecea6e0245b,square,CLZ44WZWRDDMMEKTGTDK4AOP,Limeade (Regular),Strawberry,133,2026-04-03 13:38:37.815259
41,92193a1d-52d5-4c20-ba07-0ecea6e0245b,square,4HSHXJF7OIJZDCHZWGKR5ITK,Limeade (Regular),Watermelon,126,2026-04-03 13:38:37.815259
42,92193a1d-52d5-4c20-ba07-0ecea6e0245b,square,NUXZDFD5ZBTOSJ6FJZSIIHGS,Arnold Palmer (Regular),Classic,,2026-04-03 13:38:37.815259
43,92193a1d-52d5-4c20-ba07-0ecea6e0245b,square,XOVYD5L7ZH2GHRRUVUY3VVEV,Arnold Palmer (Regular),Blue Raz,,2026-04-03 13:38:37.815259
44,92193a1d-52d5-4c20-ba07-0ecea6e0245b,square,M2FEADRZS7DWHMREXCD2JZNC,Arnold Palmer (Regular),Candied Orange,118,2026-04-03 13:38:37.815259
45,92193a1d-52d5-4c20-ba07-0ecea6e0245b,square,ALWZIGUZSQJQF6UFWYIEJUOT,Arnold Palmer (Regular),Cherry,134,2026-04-03 13:38:37.815259
46,92193a1d-52d5-4c20-ba07-0ecea6e0245b,square,CES76UJHO3G2JJ5RRAYK3LFD,Arnold Palmer (Regular),Coconut,130,2026-04-03 13:38:37.815259
47,92193a1d-52d5-4c20-ba07-0ecea6e0245b,square,3WPRGW3UVCISUYKTN4VX4LW7,Arnold Palmer (Regular),Cucumber,120,2026-04-03 13:38:37.815259
48,92193a1d-52d5-4c20-ba07-0ecea6e0245b,square,4U6WY56Q4TW4YKBHCD6UNPTR,Arnold Palmer (Regular),French Vanilla,127,2026-04-03 13:38:37.815259
49,92193a1d-52d5-4c20-ba07-0ecea6e0245b,square,FXPMC6QCYDVPZBZQQNIJJFQ7,Arnold Palmer (Regular),Lavender,121,2026-04-03 13:38:37.815259
50,92193a1d-52d5-4c20-ba07-0ecea6e0245b,square,EUM4AJYGXCETW42VE7765KI6,Arnold Palmer (Regular),Peach,131,2026-04-03 13:38:37.815259
51,92193a1d-52d5-4c20-ba07-0ecea6e0245b,square,XQQ265SYUYK4ALSQIYQJT2P2,Arnold Palmer (Regular),Pineapple,123,2026-04-03 13:38:37.815259
52,92193a1d-52d5-4c20-ba07-0ecea6e0245b,square,KERSWOCA4QIDT734735S2G73,Arnold Palmer (Regular),Raspberry,132,2026-04-03 13:38:37.815259
53,92193a1d-52d5-4c20-ba07-0ecea6e0245b,square,MQGYQ6Q3DEIFX5R2JKSHSEND,Arnold Palmer (Regular),Rose,,2026-04-03 13:38:37.815259
54,92193a1d-52d5-4c20-ba07-0ecea6e0245b,square,2Q5I74MJHRTM56DE3QMMXMOF,Arnold Palmer (Regular),Stone Fruit (Peach Apricot and Dark Cherry),,2026-04-03 13:38:37.815259
55,92193a1d-52d5-4c20-ba07-0ecea6e0245b,square,6FCZ43Z6XA5LU2BXN4E2G2G4,Arnold Palmer (Regular),Strawberry,133,2026-04-03 13:38:37.815259
56,92193a1d-52d5-4c20-ba07-0ecea6e0245b,square,CROCKV6NA3QRT3SN7ZMUWPYE,Arnold Palmer (Regular),Watermelon,126,2026-04-03 13:38:37.815259
57,92193a1d-52d5-4c20-ba07-0ecea6e0245b,square,4VTXWXAD6AVN3QV3VZNKU5CC,Brazilian Limeade,Regular,,2026-04-03 13:38:37.815259
58,92193a1d-52d5-4c20-ba07-0ecea6e0245b,square,N2XZHVQOD4C4VBOGRG24JWSP,Brazilian Limeade,Blue Raz,,2026-04-03 13:38:37.815259
59,92193a1d-52d5-4c20-ba07-0ecea6e0245b,square,NAPU6JYQMWHBG2PATKLJXYKD,Brazilian Limeade,Candied Orange,118,2026-04-03 13:38:37.815259
60,92193a1d-52d5-4c20-ba07-0ecea6e0245b,square,UWHDWNCYISN24P66XJSRCLFB,Brazilian Limeade,Cherry,134,2026-04-03 13:38:37.815259
61,92193a1d-52d5-4c20-ba07-0ecea6e0245b,square,IR7IIYDOJZUTEGPB326W4T4H,Brazilian Limeade,Coconut,130,2026-04-03 13:38:37.815259
62,92193a1d-52d5-4c20-ba07-0ecea6e0245b,square,3RUIARQATH6YF4WIR3M2NSGM,Brazilian Limeade,Cucumber,120,2026-04-03 13:38:37.815259
63,92193a1d-52d5-4c20-ba07-0ecea6e0245b,square,5MVFEKOB7Q6ZTLEVNPTIHDR2,Brazilian Limeade,French Vanilla,127,2026-04-03 13:38:37.815259
64,92193a1d-52d5-4c20-ba07-0ecea6e0245b,square,LNWZUIYSGRQPKHYADRDL3WDS,Brazilian Limeade,Lavender,121,2026-04-03 13:38:37.815259
65,92193a1d-52d5-4c20-ba07-0ecea6e0245b,square,YU5TCSYJFQA2PIQHP7K6VB5T,Brazilian Limeade,Peach,131,2026-04-03 13:38:37.815259
66,92193a1d-52d5-4c20-ba07-0ecea6e0245b,square,HH6TEJ7PYNJ3UK3U4UDL2SGW,Brazilian Limeade,Pineapple,123,2026-04-03 13:38:37.815259
67,92193a1d-52d5-4c20-ba07-0ecea6e0245b,square,3KITG6FSRZ4BFZBDXUPQYM3V,Brazilian Limeade,Raspberry,132,2026-04-03 13:38:37.815259
68,92193a1d-52d5-4c20-ba07-0ecea6e0245b,square,3BEESL7ZPTJMCLVGRMSSDWXV,Brazilian Limeade,Rose,,2026-04-03 13:38:37.815259
69,92193a1d-52d5-4c20-ba07-0ecea6e0245b,square,RRAWXRZPD7MZTZUCBB2NWRGP,Brazilian Limeade,Stone Fruit (Peach Apricot and Dark Cherry),,2026-04-03 13:38:37.815259
70,92193a1d-52d5-4c20-ba07-0ecea6e0245b,square,KXUHETZERU5M5S3MUAZ2FTMT,Brazilian Limeade,Strawberry,133,2026-04-03 13:38:37.815259
71,92193a1d-52d5-4c20-ba07-0ecea6e0245b,square,FT3NBWSZEOC3WSPKLQ5EHJI7,Brazilian Limeade,Watermelon,126,2026-04-03 13:38:37.815259
72,92193a1d-52d5-4c20-ba07-0ecea6e0245b,square,AVU37KPYTMYTTBLLF43IF5M4,Princess Peach,Regular,122,2026-04-03 13:38:37.815259
73,92193a1d-52d5-4c20-ba07-0ecea6e0245b,square,5U7J3BKSLMWHKAJMULHGUKCS,Princess Peach,Sugar Free,131,2026-04-03 13:38:37.815259
74,92193a1d-52d5-4c20-ba07-0ecea6e0245b,square,VECKGDYJTL5DF4PIIUTLWKAZ,Miami Vice,Regular,,2026-04-03 13:38:37.815259
75,92193a1d-52d5-4c20-ba07-0ecea6e0245b,square,FKIE6PTGUL5U35PI6ZVUAPVQ,Pina Coloda,Regular,,2026-04-03 13:38:37.815259
76,92193a1d-52d5-4c20-ba07-0ecea6e0245b,square,7G75HDUTEZMQ6BTBJ64ICMDP,Hulk,Regular,,2026-04-03 13:38:37.815259
77,92193a1d-52d5-4c20-ba07-0ecea6e0245b,square,O7OBOSDKOGZFNNMNJ3SUBT7X,Orange Cream,Regular,129,2026-04-03 13:38:37.815259
78,92193a1d-52d5-4c20-ba07-0ecea6e0245b,square,MO5U7Q7QB4IQZX5RDF2OIAFT,Agave,Regular,,2026-04-03 13:38:37.815259
79,92193a1d-52d5-4c20-ba07-0ecea6e0245b,square,7U3SBZ7BVUTIRPORQ4H4B6PW,Cotton Candy,Regular,,2026-04-03 13:38:37.815259
80,92193a1d-52d5-4c20-ba07-0ecea6e0245b,square,ZT6UCBWCWPHJJU6ZLOBMCAEZ,Hot Chocolate,Regular,,2026-04-03 13:38:37.815259
81,92193a1d-52d5-4c20-ba07-0ecea6e0245b,square,DZ6K2ZDKPFN4BA6HFZMJO66T,Water,Regular,110,2026-04-03 13:38:37.815259
82,92193a1d-52d5-4c20-ba07-0ecea6e0245b,square,3ROZTJ7PEOU4ES32ERUFOGRE,The Rudolph,Regular,,2026-04-03 13:38:37.815259
83,92193a1d-52d5-4c20-ba07-0ecea6e0245b,square,TZFNQSK352QB7RKH76QGWMGG,Grinch Juice,Regular,,2026-04-03 13:38:37.815259
84,92193a1d-52d5-4c20-ba07-0ecea6e0245b,square,DJ5JDVMJDJMCPS2S3GUYZ2YC,Jack Frost,Regular,,2026-04-03 13:38:37.815259
85,92193a1d-52d5-4c20-ba07-0ecea6e0245b,square,KD4AVEPT4D4VHBP2W574XRMF,The Happy Elf,Regular,,2026-04-03 13:38:37.815259
86,92193a1d-52d5-4c20-ba07-0ecea6e0245b,square,V4RAXQP34JP7PD2UKK2UFCP6,Retail - Classic Lemonade (Min 4 - 16oz bottles),Regular,,2026-04-03 13:38:37.815259
87,92193a1d-52d5-4c20-ba07-0ecea6e0245b,square,6RKMWHF5MO3DIJ4UXZZNRIGU,Retail - Classic Lemonade (Min 4 - 16oz bottles),8 - 16oz. bottles,,2026-04-03 13:38:37.815259
88,92193a1d-52d5-4c20-ba07-0ecea6e0245b,square,Y2X7TOV7YQBTVSSFRUSQZ6GV,Retail - Classic Lemonade (Min 4 - 16oz bottles),12 - 16oz. bottles,,2026-04-03 13:38:37.815259
89,92193a1d-52d5-4c20-ba07-0ecea6e0245b,square,XXFZRNM5YS2GHP4BL63YQ6IH,Retail - Classic Lemonade (Min 4 - 16oz bottles),24 case 16oz. bottles,,2026-04-03 13:38:37.815259
90,92193a1d-52d5-4c20-ba07-0ecea6e0245b,square,QQ5IRSJ623D67WPKKHSZSVQA,Retail - Classic Lemonade (Min 4 - 16oz bottles),1 Gallon,,2026-04-03 13:38:37.815259
91,92193a1d-52d5-4c20-ba07-0ecea6e0245b,square,ROJIL6LTWRLJZNSBYOLCOYVJ,Retail - Classic Lemonade (Min 4 - 16oz bottles),3 Gallons,,2026-04-03 13:38:37.815259
92,92193a1d-52d5-4c20-ba07-0ecea6e0245b,square,NCWCJP546UGWYKXDT3IFGXNO,Retail - Classic Lemonade (Min 4 - 16oz bottles),5 Gallons,,2026-04-03 13:38:37.815259
93,92193a1d-52d5-4c20-ba07-0ecea6e0245b,square,PD5LO3HGL5N2NIMWVUWGJOPL,Limeade (SF),SF Classic,,2026-04-03 13:38:37.815259
94,92193a1d-52d5-4c20-ba07-0ecea6e0245b,square,BB2JEKWKTTLZLLBLXAGQCTOL,Limeade (SF),SF Blue Raz,,2026-04-03 13:38:37.815259
95,92193a1d-52d5-4c20-ba07-0ecea6e0245b,square,TW7DGQDISV5W6JADW7XHTCNU,Limeade (SF),SF Coconut,,2026-04-03 13:38:37.815259
96,92193a1d-52d5-4c20-ba07-0ecea6e0245b,square,57RDQ25NX6N26BDJG7BF63DK,Limeade (SF),SF Peach,,2026-04-03 13:38:37.815259
97,92193a1d-52d5-4c20-ba07-0ecea6e0245b,square,HL2JAL3MVQ5H6SGFDJRF72ZA,Limeade (SF),SF Raspberry,,2026-04-03 13:38:37.815259
98,92193a1d-52d5-4c20-ba07-0ecea6e0245b,square,VERJVV5ZF7MUN2FZT5E7Q4XD,Limeade (SF),SF Strawberry,,2026-04-03 13:38:37.815259
99,92193a1d-52d5-4c20-ba07-0ecea6e0245b,square,M5JMI7GJ4274ZUUHEAMDQNRD,Retail Classic Limeade,4 - 16oz. bottles,,2026-04-03 13:38:37.815259
100,92193a1d-52d5-4c20-ba07-0ecea6e0245b,square,UK22U57DH3BTNGRACQLR4TK3,Retail Classic Limeade,8 - 16oz. bottles,,2026-04-03 13:38:37.815259
101,92193a1d-52d5-4c20-ba07-0ecea6e0245b,square,VHEQGE2PE2JQ6HNVSK3SO2RA,Retail Classic Limeade,12 - 16oz. bottles,,2026-04-03 13:38:37.815259
102,92193a1d-52d5-4c20-ba07-0ecea6e0245b,square,TDGPN5RPTOAKB3DPRZLIJNN6,Retail Classic Limeade,24 case 16oz. bottles,,2026-04-03 13:38:37.815259
103,92193a1d-52d5-4c20-ba07-0ecea6e0245b,square,XUNSPWWGHHMGKSL5ZUFL5G7X,Retail Classic Limeade,1 Gallon,,2026-04-03 13:38:37.815259
104,92193a1d-52d5-4c20-ba07-0ecea6e0245b,square,5VJE3FPM4J54FYHZPWBMKFXJ,Retail Classic Limeade,3 Gallons,,2026-04-03 13:38:37.815259
105,92193a1d-52d5-4c20-ba07-0ecea6e0245b,square,DL7ATS3IWR2OZELW6RNAFO5A,Retail Classic Limeade,5 Gallons,,2026-04-03 13:38:37.815259
106,92193a1d-52d5-4c20-ba07-0ecea6e0245b,square,YF76CD77L3VQV5YD4UD4DB2G,Retail Classic Limeade,Self Serve 24 Pack,,2026-04-03 13:38:37.815259
107,92193a1d-52d5-4c20-ba07-0ecea6e0245b,square,FJTOPVLAZNJZXOMVC3QCVW56,Retail Blue Lagoon Limeade,4 - 16oz bottles,,2026-04-03 13:38:37.815259
108,92193a1d-52d5-4c20-ba07-0ecea6e0245b,square,X4XL2PSMFJIIAJ6IMFD7NH6F,Retail Blue Lagoon Limeade,8 - 16oz. bottles,,2026-04-03 13:38:37.815259
109,92193a1d-52d5-4c20-ba07-0ecea6e0245b,square,JJCLBPG46KBPXYEGQTVJQ3VS,Retail Blue Lagoon Limeade,12 - 16oz. bottles,,2026-04-03 13:38:37.815259
110,92193a1d-52d5-4c20-ba07-0ecea6e0245b,square,CJUAXKVPONDBXDOYTIAA2EHU,Retail Blue Lagoon Limeade,24 case 16oz. bottles,,2026-04-03 13:38:37.815259
111,92193a1d-52d5-4c20-ba07-0ecea6e0245b,square,YVNTR36LDRRWSBZBL6JCJM66,Retail Blue Lagoon Limeade,1 Gallon,,2026-04-03 13:38:37.815259
112,92193a1d-52d5-4c20-ba07-0ecea6e0245b,square,4J4MZYF2WITJUKQYY4MHHQFJ,Retail Blue Lagoon Limeade,3 Gallons,,2026-04-03 13:38:37.815259
113,92193a1d-52d5-4c20-ba07-0ecea6e0245b,square,C6FBXAVLMB465AC6MN2Z7G45,Retail Blue Lagoon Limeade,5 Gallons,,2026-04-03 13:38:37.815259
114,92193a1d-52d5-4c20-ba07-0ecea6e0245b,square,YHLBZ5ZD7BR5IKTDFXNSGWPJ,Retail Blue Lagoon Limeade,Self Serve 24 Pack,,2026-04-03 13:38:37.815259
115,92193a1d-52d5-4c20-ba07-0ecea6e0245b,square,YSHWZO2QA2MQ6KDLNZBFHUO7,Retail Princess Peach Lemonade,4 - 16oz bottles,,2026-04-03 13:38:37.815259
116,92193a1d-52d5-4c20-ba07-0ecea6e0245b,square,RRELGTU3EZE4QWSHGWCRETT5,Retail Princess Peach Lemonade,8 - 16oz. bottles,,2026-04-03 13:38:37.815259
117,92193a1d-52d5-4c20-ba07-0ecea6e0245b,square,OMQ35VKI4UA4KHID6RBESUYZ,Retail Princess Peach Lemonade,12 - 16oz. bottles,,2026-04-03 13:38:37.815259
118,92193a1d-52d5-4c20-ba07-0ecea6e0245b,square,DSV5VISOJI3X7JJMXW52UU3F,Retail Princess Peach Lemonade,24 case 16oz. bottles,,2026-04-03 13:38:37.815259
119,92193a1d-52d5-4c20-ba07-0ecea6e0245b,square,24QAUFM5TEQWQ4RAZ2J3PGZC,Retail Princess Peach Lemonade,1 Gallon,,2026-04-03 13:38:37.815259
120,92193a1d-52d5-4c20-ba07-0ecea6e0245b,square,E76LHPMVRWHHHFWZS2BHZJTI,Retail Princess Peach Lemonade,3 Gallons,,2026-04-03 13:38:37.815259
121,92193a1d-52d5-4c20-ba07-0ecea6e0245b,square,PRRZD6OVG7DKK7V6APAKA4UK,Retail Princess Peach Lemonade,5 Gallons,,2026-04-03 13:38:37.815259
122,92193a1d-52d5-4c20-ba07-0ecea6e0245b,square,55PYDIVDFEPIJP5PK5JGSOUP,Retail Princess Peach Lemonade,Self Serve 24 pack,,2026-04-03 13:38:37.815259
123,92193a1d-52d5-4c20-ba07-0ecea6e0245b,square,DXAQEW7BKJ62NJ4L374UO7I3,Retail Strawberry Lemonade,4 - 16oz bottles,,2026-04-03 13:38:37.815259
124,92193a1d-52d5-4c20-ba07-0ecea6e0245b,square,RC7QLPA72D3PXJYQLLRSJXPD,Retail Strawberry Lemonade,8 - 16oz. bottles,,2026-04-03 13:38:37.815259
125,92193a1d-52d5-4c20-ba07-0ecea6e0245b,square,DI63YWOHPGUKSJAQSFTKDDTM,Retail Strawberry Lemonade,12 - 16oz. bottles,,2026-04-03 13:38:37.815259
126,92193a1d-52d5-4c20-ba07-0ecea6e0245b,square,3UUR25GLUJO2HUOLQ4YC3QVY,Retail Strawberry Lemonade,24 case 16oz. bottles,,2026-04-03 13:38:37.815259
127,92193a1d-52d5-4c20-ba07-0ecea6e0245b,square,IHZMPTD2RKH2KOSXUM5XKIEA,Retail Strawberry Lemonade,1 Gallon,,2026-04-03 13:38:37.815259
128,92193a1d-52d5-4c20-ba07-0ecea6e0245b,square,A2EQUQHKHIQYFRWAJGUDXEYL,Retail Strawberry Lemonade,3 Gallons,,2026-04-03 13:38:37.815259
129,92193a1d-52d5-4c20-ba07-0ecea6e0245b,square,FUKWL4DCAOSYUQSK7TCKIQJ6,Retail Strawberry Lemonade,5 Gallons,,2026-04-03 13:38:37.815259
130,92193a1d-52d5-4c20-ba07-0ecea6e0245b,square,BOXE6O5IYFEQPL2ZTVPPAE4C,Retail Strawberry Lemonade,Self Serve 24 pack,,2026-04-03 13:38:37.815259
131,92193a1d-52d5-4c20-ba07-0ecea6e0245b,square,JB3DGSTYAYGDGLY2TU46W5TP,Retail Raspberry Lemonade Sugar Free (Min 4 - 16oz bottles),4 - 16oz bottles,,2026-04-03 13:38:37.815259
132,92193a1d-52d5-4c20-ba07-0ecea6e0245b,square,NGGTUIQJVPKBUUCC4TL7S6CT,Retail Raspberry Lemonade Sugar Free (Min 4 - 16oz bottles),8 - 16oz. bottles,,2026-04-03 13:38:37.815259
133,92193a1d-52d5-4c20-ba07-0ecea6e0245b,square,ZY4CNSLQJDYCDRJD64WAVLNU,Retail Raspberry Lemonade Sugar Free (Min 4 - 16oz bottles),12 - 16oz. bottles,,2026-04-03 13:38:37.815259
134,92193a1d-52d5-4c20-ba07-0ecea6e0245b,square,RFTB6ORHRTYQGMWUERN6NPBQ,Retail Raspberry Lemonade Sugar Free (Min 4 - 16oz bottles),24 case 16oz. bottles,,2026-04-03 13:38:37.815259
135,92193a1d-52d5-4c20-ba07-0ecea6e0245b,square,KWZTRDCD2XJUA7EDLECR67K2,Retail Raspberry Lemonade Sugar Free (Min 4 - 16oz bottles),1 Gallon,,2026-04-03 13:38:37.815259
136,92193a1d-52d5-4c20-ba07-0ecea6e0245b,square,RNPMTDWL5QFNJUXGHAW4BCC6,Retail Raspberry Lemonade Sugar Free (Min 4 - 16oz bottles),3 Gallons,,2026-04-03 13:38:37.815259
137,92193a1d-52d5-4c20-ba07-0ecea6e0245b,square,4UHRJYKUD3ZBW3ARHUJN37XL,Retail Raspberry Lemonade Sugar Free (Min 4 - 16oz bottles),5 Gallons,,2026-04-03 13:38:37.815259
138,92193a1d-52d5-4c20-ba07-0ecea6e0245b,square,QOHJJEX5F67XX3QXVDA5BFAR,Retail Strawberry Lemonade Sugar Free (Min 4 - 16oz bottles),4 - 16oz bottles,,2026-04-03 13:38:37.815259
139,92193a1d-52d5-4c20-ba07-0ecea6e0245b,square,25LGCV4YG7YFJJK5ODYNS6X2,Retail Strawberry Lemonade Sugar Free (Min 4 - 16oz bottles),8 - 16oz. bottles,,2026-04-03 13:38:37.815259
140,92193a1d-52d5-4c20-ba07-0ecea6e0245b,square,JLGLK2KOSLKYU6HSSQWHEMOP,Retail Strawberry Lemonade Sugar Free (Min 4 - 16oz bottles),12 - 16oz. bottles,,2026-04-03 13:38:37.815259
141,92193a1d-52d5-4c20-ba07-0ecea6e0245b,square,ZEGQNASEEVYUYH3GMMP7J5DL,Retail Strawberry Lemonade Sugar Free (Min 4 - 16oz bottles),24 case 16oz. bottles,,2026-04-03 13:38:37.815259
142,92193a1d-52d5-4c20-ba07-0ecea6e0245b,square,MJ5AGIGLKFTAFINP7WM6TSUN,Retail Strawberry Lemonade Sugar Free (Min 4 - 16oz bottles),1 Gallon,,2026-04-03 13:38:37.815259
143,92193a1d-52d5-4c20-ba07-0ecea6e0245b,square,XGHLJNDPIXQMIG2B3UXBIJ67,Retail Strawberry Lemonade Sugar Free (Min 4 - 16oz bottles),3 Gallons,,2026-04-03 13:38:37.815259
144,92193a1d-52d5-4c20-ba07-0ecea6e0245b,square,JTH7YFFSURIQDM2ULI6M7S3E,Retail Strawberry Lemonade Sugar Free (Min 4 - 16oz bottles),5 Gallons,,2026-04-03 13:38:37.815259
145,92193a1d-52d5-4c20-ba07-0ecea6e0245b,square,ZIOLAIQDFXEVLTWRULPJGMG5,Retail Classic Lemonade Sugar Free (Min 4 - 16oz bottles),4 - 16oz. bottles,,2026-04-03 13:38:37.815259
146,92193a1d-52d5-4c20-ba07-0ecea6e0245b,square,OUKBWCJD5UUUHNYC4XEB3SL6,Retail Classic Lemonade Sugar Free (Min 4 - 16oz bottles),8 - 16oz. bottles,,2026-04-03 13:38:37.815259
147,92193a1d-52d5-4c20-ba07-0ecea6e0245b,square,WAP3GXQ64JYUA5H6GPF356XA,Retail Classic Lemonade Sugar Free (Min 4 - 16oz bottles),12 - 16oz. bottles,,2026-04-03 13:38:37.815259
148,92193a1d-52d5-4c20-ba07-0ecea6e0245b,square,W3ZRJELJ47VYWQL4B7V3I5JO,Retail Classic Lemonade Sugar Free (Min 4 - 16oz bottles),24 case 16oz. bottles,,2026-04-03 13:38:37.815259
149,92193a1d-52d5-4c20-ba07-0ecea6e0245b,square,6Y4ELRNWCZRRYQDS4LUUKSDX,Retail Classic Lemonade Sugar Free (Min 4 - 16oz bottles),1 Gallon,,2026-04-03 13:38:37.815259
150,92193a1d-52d5-4c20-ba07-0ecea6e0245b,square,HM3C4TDYEEHXLMFLCZA7OY6M,Retail Classic Lemonade Sugar Free (Min 4 - 16oz bottles),3 Gallons,,2026-04-03 13:38:37.815259
151,92193a1d-52d5-4c20-ba07-0ecea6e0245b,square,OO66VM62VE7MI5VUT7G2MYVK,Retail Classic Lemonade Sugar Free (Min 4 - 16oz bottles),5 Gallons,,2026-04-03 13:38:37.815259
152,92193a1d-52d5-4c20-ba07-0ecea6e0245b,square,QVV5SWHCSGGTNS6B6UCLXKVC,Retail Classic Limeade Sugar Free (Min 4 - 16oz bottles),4 - 16oz. bottles,,2026-04-03 13:38:37.815259
153,92193a1d-52d5-4c20-ba07-0ecea6e0245b,square,CY7YZF2K45ABMTXLFVHXV6IE,Retail Classic Limeade Sugar Free (Min 4 - 16oz bottles),8 - 16oz. bottles,,2026-04-03 13:38:37.815259
154,92193a1d-52d5-4c20-ba07-0ecea6e0245b,square,VCTMTJP67MGPO63O6AL4MWJX,Retail Classic Limeade Sugar Free (Min 4 - 16oz bottles),12 - 16oz. bottles,,2026-04-03 13:38:37.815259
155,92193a1d-52d5-4c20-ba07-0ecea6e0245b,square,QJO3A2PC2MJQK7OABOXOOB6D,Retail Classic Limeade Sugar Free (Min 4 - 16oz bottles),24 case 16oz. bottles,,2026-04-03 13:38:37.815259
156,92193a1d-52d5-4c20-ba07-0ecea6e0245b,square,O2CVYH4CKNZL6ULW7DFPYHCJ,Retail Classic Limeade Sugar Free (Min 4 - 16oz bottles),1 Gallon,,2026-04-03 13:38:37.815259
157,92193a1d-52d5-4c20-ba07-0ecea6e0245b,square,GX7FUT65Q5AMG4EL7FZURGPV,Retail Classic Limeade Sugar Free (Min 4 - 16oz bottles),3 Gallons,,2026-04-03 13:38:37.815259
264,92193a1d-52d5-4c20-ba07-0ecea6e0245b,square,6L23P2E2RN7Y66R4DYRM2DDK,Lemon Limeade (Regular) Refill,Strawberry,133,2026-04-03 13:38:37.815259
158,92193a1d-52d5-4c20-ba07-0ecea6e0245b,square,67GTIGCEENUTPWWTHE6ZGMXV,Retail Classic Limeade Sugar Free (Min 4 - 16oz bottles),5 Gallons,,2026-04-03 13:38:37.815259
159,92193a1d-52d5-4c20-ba07-0ecea6e0245b,square,LRALUPZKCLKTFPMFP4WPOJRJ,Retail Raspberry Lemonade (Min 4 - 16oz bottles),4 - 16oz bottles,,2026-04-03 13:38:37.815259
160,92193a1d-52d5-4c20-ba07-0ecea6e0245b,square,3L4NNTRMRFBCE3Z6KQRMETNP,Retail Raspberry Lemonade (Min 4 - 16oz bottles),8 - 16oz. bottles,,2026-04-03 13:38:37.815259
161,92193a1d-52d5-4c20-ba07-0ecea6e0245b,square,W6F74FXJ2KLOSYU4MEDVQKZ3,Retail Raspberry Lemonade (Min 4 - 16oz bottles),12 - 16oz. bottles,,2026-04-03 13:38:37.815259
162,92193a1d-52d5-4c20-ba07-0ecea6e0245b,square,RAHQQ2D3TB6KAEXFIFDDQET6,Retail Raspberry Lemonade (Min 4 - 16oz bottles),24 case 16oz. bottles,,2026-04-03 13:38:37.815259
163,92193a1d-52d5-4c20-ba07-0ecea6e0245b,square,WDOF52QKY7CND2OSPCQXAMCT,Retail Raspberry Lemonade (Min 4 - 16oz bottles),1 Gallon,,2026-04-03 13:38:37.815259
164,92193a1d-52d5-4c20-ba07-0ecea6e0245b,square,4TWNRYJNCIVKR4IEWLOTSSPF,Retail Raspberry Lemonade (Min 4 - 16oz bottles),3 Gallons,,2026-04-03 13:38:37.815259
165,92193a1d-52d5-4c20-ba07-0ecea6e0245b,square,EI77WWTSCJIBDRCM6JB5AUZX,Retail Raspberry Lemonade (Min 4 - 16oz bottles),5 Gallons,,2026-04-03 13:38:37.815259
166,92193a1d-52d5-4c20-ba07-0ecea6e0245b,square,I3IEXEP3PBM27DCFJ52SVH5W,Retail Classic Lemonade (Min 4 - 16oz bottles),Regular,,2026-04-03 13:38:37.815259
167,92193a1d-52d5-4c20-ba07-0ecea6e0245b,square,IYWRVZFQG7OPF3JE6XXK2SUP,Retail Classic Lemonade (Min 4 - 16oz bottles),8 - 16oz. bottles,,2026-04-03 13:38:37.815259
168,92193a1d-52d5-4c20-ba07-0ecea6e0245b,square,7FE2BYG4MUBRR4H6WOKXS622,Retail Classic Lemonade (Min 4 - 16oz bottles),12 - 16oz. bottles,,2026-04-03 13:38:37.815259
169,92193a1d-52d5-4c20-ba07-0ecea6e0245b,square,OUFRBQNHYW7NEWQYENF5RKJU,Retail Classic Lemonade (Min 4 - 16oz bottles),24 case 16oz. bottles,,2026-04-03 13:38:37.815259
170,92193a1d-52d5-4c20-ba07-0ecea6e0245b,square,FYDFAXZNDVX2FTO72WWT2JFP,Retail Classic Lemonade (Min 4 - 16oz bottles),1 Gallon,,2026-04-03 13:38:37.815259
171,92193a1d-52d5-4c20-ba07-0ecea6e0245b,square,ZAL4BA2XV6POMSN7354KEZ5S,Retail Classic Lemonade (Min 4 - 16oz bottles),3 Gallons,,2026-04-03 13:38:37.815259
172,92193a1d-52d5-4c20-ba07-0ecea6e0245b,square,ZK45BPB3NTPDVXSBOP2P63SP,Retail Classic Lemonade (Min 4 - 16oz bottles),5 Gallons,,2026-04-03 13:38:37.815259
173,92193a1d-52d5-4c20-ba07-0ecea6e0245b,square,HRBZKSY5PSPKOTPJIYOXSYD3,Refrigerator Rental,Regular,,2026-04-03 13:38:37.815259
174,92193a1d-52d5-4c20-ba07-0ecea6e0245b,square,2UPTHJWIQ6OSHM4LKJJPGUVR,Retail Lemonade - RETAIL ONLY,Regular,,2026-04-03 13:38:37.815259
175,92193a1d-52d5-4c20-ba07-0ecea6e0245b,square,EXM7EFDMMSCZVYE6U343DWHK,RETAIL ONLY - Limeade,Regular,,2026-04-03 13:38:37.815259
176,92193a1d-52d5-4c20-ba07-0ecea6e0245b,square,K7RHIVYDGFNM5T7C3KV3GP5K,RETAIL ONLY - Blue Lagoon 16oz bottle,Regular,,2026-04-03 13:38:37.815259
177,92193a1d-52d5-4c20-ba07-0ecea6e0245b,square,5JXLHOSC7UM54ATUUUH5NGUD,RETAIL ONLY - Strawberry 16oz,Regular,,2026-04-03 13:38:37.815259
178,92193a1d-52d5-4c20-ba07-0ecea6e0245b,square,WQ5KULAOXUY7OP5SGOK4M5Q6,"25% Service Fee -Travel, full service, finance charges",Regular,,2026-04-03 13:38:37.815259
179,92193a1d-52d5-4c20-ba07-0ecea6e0245b,square,NG55M74TVSY3FKK5W5BB6R4K,1st Tier Catering $5/Guest - 75 Guests,Regular,,2026-04-03 13:38:37.815259
180,92193a1d-52d5-4c20-ba07-0ecea6e0245b,square,EZGVKLLXQLYY7CIPLPXEDOHH,1st Tier Catering $5/Guest,Regular,,2026-04-03 13:38:37.815259
181,92193a1d-52d5-4c20-ba07-0ecea6e0245b,square,O3DUMFWYP7UVOTVPCLZ5RRPF,3rd Tier Catering - $10/guest,Regular,,2026-04-03 13:38:37.815259
182,92193a1d-52d5-4c20-ba07-0ecea6e0245b,square,4KNLFAZDMWOAJSYBRDHIADYM,Hot Chocolate/Cider Add on - Catering - $3/Guest,Regular,,2026-04-03 13:38:37.815259
183,92193a1d-52d5-4c20-ba07-0ecea6e0245b,square,GOFWBFZXFBZ6DDTKZZAQPU7F,Lemon Limeade (Regular),Classic,,2026-04-03 13:38:37.815259
184,92193a1d-52d5-4c20-ba07-0ecea6e0245b,square,EP7EKVWLBYWCLAMST3R7A2BX,Lemon Limeade (Regular),Blue Raz,,2026-04-03 13:38:37.815259
185,92193a1d-52d5-4c20-ba07-0ecea6e0245b,square,FGGDODX6WLDAJVVGK2AWRZYM,Lemon Limeade (Regular),Candied Orange,118,2026-04-03 13:38:37.815259
186,92193a1d-52d5-4c20-ba07-0ecea6e0245b,square,KRXM7LNBEQ6IATXNUTVLNURN,Lemon Limeade (Regular),Cherry,134,2026-04-03 13:38:37.815259
187,92193a1d-52d5-4c20-ba07-0ecea6e0245b,square,4N6IS5C3H5OKPAALYAY5LY2N,Lemon Limeade (Regular),Coconut,130,2026-04-03 13:38:37.815259
188,92193a1d-52d5-4c20-ba07-0ecea6e0245b,square,KFLU2OYFHRF36UBMLB5JX2PJ,Lemon Limeade (Regular),Cucumber,120,2026-04-03 13:38:37.815259
189,92193a1d-52d5-4c20-ba07-0ecea6e0245b,square,53MJIQ6KS5J4LN73DBU7UC5C,Lemon Limeade (Regular),French Vanilla,127,2026-04-03 13:38:37.815259
190,92193a1d-52d5-4c20-ba07-0ecea6e0245b,square,4S7FYXDFOLX2MPL4TDRNJ2PU,Lemon Limeade (Regular),Lavender,121,2026-04-03 13:38:37.815259
191,92193a1d-52d5-4c20-ba07-0ecea6e0245b,square,3QTBKPJKSOY3DVZ2XNUU46MF,Lemon Limeade (Regular),Peach,131,2026-04-03 13:38:37.815259
192,92193a1d-52d5-4c20-ba07-0ecea6e0245b,square,IER7LPYXMS6DGHDA6JQ7XZ66,Lemon Limeade (Regular),Pineapple,123,2026-04-03 13:38:37.815259
193,92193a1d-52d5-4c20-ba07-0ecea6e0245b,square,KH3C5EWKTMZIBZ2FRCOA2YNW,Lemon Limeade (Regular),Raspberry,132,2026-04-03 13:38:37.815259
194,92193a1d-52d5-4c20-ba07-0ecea6e0245b,square,EW2I42BW2PMBXB25DGXAXUZS,Lemon Limeade (Regular),Rose,,2026-04-03 13:38:37.815259
195,92193a1d-52d5-4c20-ba07-0ecea6e0245b,square,PVBGQIWXOX6KQ56S45EQB63O,Lemon Limeade (Regular),Stone Fruit (Peach Apricot and Dark Cherry,,2026-04-03 13:38:37.815259
196,92193a1d-52d5-4c20-ba07-0ecea6e0245b,square,6MTPNDXEGBKRQFZ5NDYHINGO,Lemon Limeade (Regular),Strawberry,133,2026-04-03 13:38:37.815259
197,92193a1d-52d5-4c20-ba07-0ecea6e0245b,square,5LQJCH2CXBKYPUQVPH55WYEB,Lemon Limeade (Regular),Watermelon,126,2026-04-03 13:38:37.815259
198,92193a1d-52d5-4c20-ba07-0ecea6e0245b,square,JY3GNGSPQNT5RHZWH7YDBVC3,Lemon N Cream,Regular,112,2026-04-03 13:38:37.815259
199,92193a1d-52d5-4c20-ba07-0ecea6e0245b,square,CGAMYBSZR3VHEGNP6JXDUXJ5,Lemon N Cream,Blue Raz,,2026-04-03 13:38:37.815259
200,92193a1d-52d5-4c20-ba07-0ecea6e0245b,square,QVBKSNR6JN4J7XCYHJXXRCAJ,Lemon N Cream,Candied Orange,118,2026-04-03 13:38:37.815259
201,92193a1d-52d5-4c20-ba07-0ecea6e0245b,square,FIGHJUAV7KFIQYPAYJCQQTZT,Lemon N Cream,Cherry,134,2026-04-03 13:38:37.815259
202,92193a1d-52d5-4c20-ba07-0ecea6e0245b,square,7XTWXIN5NWECTMTKHX3H2M6U,Lemon N Cream,Coconut,130,2026-04-03 13:38:37.815259
203,92193a1d-52d5-4c20-ba07-0ecea6e0245b,square,MC3UCZGAYSSBBIUYRQUQW7O3,Lemon N Cream,Cucumber,120,2026-04-03 13:38:37.815259
204,92193a1d-52d5-4c20-ba07-0ecea6e0245b,square,CBE3TQIH6AJAQTQ5QEZZX3EF,Lemon N Cream,French Vanilla,127,2026-04-03 13:38:37.815259
205,92193a1d-52d5-4c20-ba07-0ecea6e0245b,square,Y5F3BKYP3XQCWCQXWIEID5AW,Lemon N Cream,Lavender,121,2026-04-03 13:38:37.815259
206,92193a1d-52d5-4c20-ba07-0ecea6e0245b,square,5I4Q4S7ZFGJSMSJOS7S3KIWU,Lemon N Cream,Peach,131,2026-04-03 13:38:37.815259
207,92193a1d-52d5-4c20-ba07-0ecea6e0245b,square,NJCTBJVYZO7ILPIONYXXDMYV,Lemon N Cream,Pineapple,123,2026-04-03 13:38:37.815259
208,92193a1d-52d5-4c20-ba07-0ecea6e0245b,square,TBXAPP3XX2SK6Y5K2UDUTKWU,Lemon N Cream,Raspberry,132,2026-04-03 13:38:37.815259
209,92193a1d-52d5-4c20-ba07-0ecea6e0245b,square,TYDKW5ZZI3NHIVEQY2Q6SSTP,Lemon N Cream,Rose,,2026-04-03 13:38:37.815259
210,92193a1d-52d5-4c20-ba07-0ecea6e0245b,square,TQ2MQ67M4SI62KWO2OTEWJ4D,Lemon N Cream,Stone Fruit (Peach Apricot and Dark Cherry),,2026-04-03 13:38:37.815259
211,92193a1d-52d5-4c20-ba07-0ecea6e0245b,square,DHJJY3LO3A66SWZVA2KPGPYJ,Lemon N Cream,Strawberry,133,2026-04-03 13:38:37.815259
212,92193a1d-52d5-4c20-ba07-0ecea6e0245b,square,MZIDH3M53HSUA62SQEUD2MGK,Lemon N Cream,Watermelon,126,2026-04-03 13:38:37.815259
213,92193a1d-52d5-4c20-ba07-0ecea6e0245b,square,OE6ANNYITSSADEBMXKN6R3XK,Ice Cup,Regular,109,2026-04-03 13:38:37.815259
214,92193a1d-52d5-4c20-ba07-0ecea6e0245b,square,I7E2TKEVJ5PSM5ODHKCYC5D4,Retail - Cherry Limeade - Gallon,Regular,,2026-04-03 13:38:37.815259
215,92193a1d-52d5-4c20-ba07-0ecea6e0245b,square,VBMS3CPGFVXLG5DCHEPAPYQK,Apple Cider,Regular,,2026-04-03 13:38:37.815259
216,92193a1d-52d5-4c20-ba07-0ecea6e0245b,square,PTKUXVESDHC3BF7KZHLF65TW,Cold Brew,Regular,,2026-04-03 13:38:37.815259
217,92193a1d-52d5-4c20-ba07-0ecea6e0245b,square,XZWIQRVAJAAUGPHSXZNRMFGU,4th Tier Catering - $13/guest,Regular,,2026-04-03 13:38:37.815259
218,92193a1d-52d5-4c20-ba07-0ecea6e0245b,square,7HGTMVLYFOUAP7IXQXQD7TOV,Lotus/Caffeine,Regular,,2026-04-03 13:38:37.815259
219,92193a1d-52d5-4c20-ba07-0ecea6e0245b,square,7UVQHW7J3XRUAL64WN2KUGNS,Lemon Limeade (SF),SF Classic,,2026-04-03 13:38:37.815259
220,92193a1d-52d5-4c20-ba07-0ecea6e0245b,square,FBCFHCUZO63BFSFAZSQEZ422,Lemon Limeade (SF),SF Blue Raz,,2026-04-03 13:38:37.815259
221,92193a1d-52d5-4c20-ba07-0ecea6e0245b,square,CIU2PKZLDUZ3COYNMEGGVXDY,Lemon Limeade (SF),SF Cherry,,2026-04-03 13:38:37.815259
222,92193a1d-52d5-4c20-ba07-0ecea6e0245b,square,UWBJZ323PQPD2ZJ4SEKP44QY,Lemon Limeade (SF),SF Coconut,,2026-04-03 13:38:37.815259
223,92193a1d-52d5-4c20-ba07-0ecea6e0245b,square,YIUMXTJDIBHAEO2R6HPSDMOC,Lemon Limeade (SF),SF Peach,,2026-04-03 13:38:37.815259
224,92193a1d-52d5-4c20-ba07-0ecea6e0245b,square,FHWYBCEMZMMVX5GXP5N3LD46,Lemon Limeade (SF),SF Raspberry,,2026-04-03 13:38:37.815259
225,92193a1d-52d5-4c20-ba07-0ecea6e0245b,square,TJ5DCKNFGMS4DSCQGU5SPV4W,Lemon Limeade (SF),SF Strawberry,,2026-04-03 13:38:37.815259
226,92193a1d-52d5-4c20-ba07-0ecea6e0245b,square,72RXJC2DYZZOBM4QGY23SHHF,Brazilian Limeade Refill,Regular,,2026-04-03 13:38:37.815259
227,92193a1d-52d5-4c20-ba07-0ecea6e0245b,square,OZJCDDO5LBT36UWUQCSNIB7C,Brazilian Limeade Refill,Blue Raz,,2026-04-03 13:38:37.815259
228,92193a1d-52d5-4c20-ba07-0ecea6e0245b,square,CTXUZ4JKM4IMLCITKXNLTFXB,Brazilian Limeade Refill,Candied Orange,118,2026-04-03 13:38:37.815259
229,92193a1d-52d5-4c20-ba07-0ecea6e0245b,square,3JLKYDJJ25OBY3PUHECLQM34,Brazilian Limeade Refill,Cherry,134,2026-04-03 13:38:37.815259
230,92193a1d-52d5-4c20-ba07-0ecea6e0245b,square,6S45U3QHGVCWWXPG2RFDUQEE,Brazilian Limeade Refill,Coconut,130,2026-04-03 13:38:37.815259
231,92193a1d-52d5-4c20-ba07-0ecea6e0245b,square,EF2QOBVRUHMISBR4QK3XRQXT,Brazilian Limeade Refill,Cucumber,120,2026-04-03 13:38:37.815259
232,92193a1d-52d5-4c20-ba07-0ecea6e0245b,square,J5MVS3RSMWCX33MW2WXVUANG,Brazilian Limeade Refill,French Vanilla,127,2026-04-03 13:38:37.815259
233,92193a1d-52d5-4c20-ba07-0ecea6e0245b,square,JJFWOMXQCNWFVIBPFOYXFXDQ,Brazilian Limeade Refill,Lavender,121,2026-04-03 13:38:37.815259
234,92193a1d-52d5-4c20-ba07-0ecea6e0245b,square,3G36SXVD46YQUDZVGVQ52NFP,Brazilian Limeade Refill,Peach,131,2026-04-03 13:38:37.815259
235,92193a1d-52d5-4c20-ba07-0ecea6e0245b,square,OX3EYFCOCGS3UWCYPOXOVCPG,Brazilian Limeade Refill,Pineapple,123,2026-04-03 13:38:37.815259
236,92193a1d-52d5-4c20-ba07-0ecea6e0245b,square,ATK2VKESMWFIVMVL6UOYS3HT,Brazilian Limeade Refill,Raspberry,132,2026-04-03 13:38:37.815259
237,92193a1d-52d5-4c20-ba07-0ecea6e0245b,square,IBZ5MC57IQEVX333H6IC2TEL,Brazilian Limeade Refill,Rose,,2026-04-03 13:38:37.815259
238,92193a1d-52d5-4c20-ba07-0ecea6e0245b,square,S5V2PFLZAPCN2VE652R5O5WU,Brazilian Limeade Refill,Stone Fruit (Peach Apricot and Dark Cherry),,2026-04-03 13:38:37.815259
239,92193a1d-52d5-4c20-ba07-0ecea6e0245b,square,DBA7TXE2TD2I5NGYNDWUMTYG,Brazilian Limeade Refill,Strawberry,133,2026-04-03 13:38:37.815259
240,92193a1d-52d5-4c20-ba07-0ecea6e0245b,square,PQMVINZPCDOA23DZSKXOTW5Q,Brazilian Limeade Refill,Watermelon,126,2026-04-03 13:38:37.815259
241,92193a1d-52d5-4c20-ba07-0ecea6e0245b,square,3RDOIAO7DNBBQ6QUOHK37SR6,Cherry Limeade Refill,Regular,,2026-04-03 13:38:37.815259
242,92193a1d-52d5-4c20-ba07-0ecea6e0245b,square,PTATB5RXRC5HVOYB5TEF7GYR,Cherry Limeade Refill,Sugar Free,134,2026-04-03 13:38:37.815259
243,92193a1d-52d5-4c20-ba07-0ecea6e0245b,square,2KPANNVXORWUUIDB6KD6MYSA,Hawaii Blue Refill,Regular,,2026-04-03 13:38:37.815259
244,92193a1d-52d5-4c20-ba07-0ecea6e0245b,square,57736FTCO5KNRNLP73H4APAD,Miami Vice Refill,Regular,,2026-04-03 13:38:37.815259
245,92193a1d-52d5-4c20-ba07-0ecea6e0245b,square,BXN5U6PF6SC5JIDOV333MPDO,Orange Cream Refill,Regular,,2026-04-03 13:38:37.815259
246,92193a1d-52d5-4c20-ba07-0ecea6e0245b,square,H3CN5AESO6KKAEJ2F4GU7KNK,Pina Coloda Refill,Regular,,2026-04-03 13:38:37.815259
247,92193a1d-52d5-4c20-ba07-0ecea6e0245b,square,X5NOZGGMBCAJKDEJ6UZSQFCW,Princess Peach Refill,Regular,,2026-04-03 13:38:37.815259
248,92193a1d-52d5-4c20-ba07-0ecea6e0245b,square,MCCZOUAWNQRF3MCCGSL2L55X,Princess Peach Refill,Sugar Free,131,2026-04-03 13:38:37.815259
249,92193a1d-52d5-4c20-ba07-0ecea6e0245b,square,L2P7YPOEEFM53O7EUUVK5H2N,Sweet Dream Refill,Regular,,2026-04-03 13:38:37.815259
250,92193a1d-52d5-4c20-ba07-0ecea6e0245b,square,GAYUUZ2NSLYWIG6O3BJZVHBK,Blue Lagoon Refill,Regular,,2026-04-03 13:38:37.815259
251,92193a1d-52d5-4c20-ba07-0ecea6e0245b,square,JNI2HKSMCP2UO3F6JZKFHLCJ,Lemon Limeade (Regular) Refill,Classic,,2026-04-03 13:38:37.815259
252,92193a1d-52d5-4c20-ba07-0ecea6e0245b,square,6CXT3RDJIP5GMN4VAYBA5VLX,Lemon Limeade (Regular) Refill,Blue Raz,,2026-04-03 13:38:37.815259
253,92193a1d-52d5-4c20-ba07-0ecea6e0245b,square,KLEI4F5232JOKW3GVC5G422B,Lemon Limeade (Regular) Refill,Candied Orange,118,2026-04-03 13:38:37.815259
254,92193a1d-52d5-4c20-ba07-0ecea6e0245b,square,GOJ62SXM34D6O24WQF27NLAQ,Lemon Limeade (Regular) Refill,Cherry,134,2026-04-03 13:38:37.815259
255,92193a1d-52d5-4c20-ba07-0ecea6e0245b,square,ZDKBBI5UTEUIP3HJN5DHX2MG,Lemon Limeade (Regular) Refill,Coconut,130,2026-04-03 13:38:37.815259
256,92193a1d-52d5-4c20-ba07-0ecea6e0245b,square,K6PMUOWIKNHYLSSGCMNVHLKS,Lemon Limeade (Regular) Refill,Cucumber,120,2026-04-03 13:38:37.815259
257,92193a1d-52d5-4c20-ba07-0ecea6e0245b,square,UA56DEFKVI7EEZEVZE64BXMQ,Lemon Limeade (Regular) Refill,French Vanilla,127,2026-04-03 13:38:37.815259
258,92193a1d-52d5-4c20-ba07-0ecea6e0245b,square,BICKIRTKETEMWFGT6QBNOITM,Lemon Limeade (Regular) Refill,Lavender,121,2026-04-03 13:38:37.815259
259,92193a1d-52d5-4c20-ba07-0ecea6e0245b,square,V4DX4YLZMT6SYMWMRLJAF5Z4,Lemon Limeade (Regular) Refill,Peach,131,2026-04-03 13:38:37.815259
260,92193a1d-52d5-4c20-ba07-0ecea6e0245b,square,PUG6PJVGRVNG7H5U26BOXIRG,Lemon Limeade (Regular) Refill,Pineapple,123,2026-04-03 13:38:37.815259
261,92193a1d-52d5-4c20-ba07-0ecea6e0245b,square,KLZO5546FPV4AX2ROHBZN22N,Lemon Limeade (Regular) Refill,Raspberry,132,2026-04-03 13:38:37.815259
262,92193a1d-52d5-4c20-ba07-0ecea6e0245b,square,CDXXH2UDJFUNIFWG7CLVMFYU,Lemon Limeade (Regular) Refill,Rose,,2026-04-03 13:38:37.815259
263,92193a1d-52d5-4c20-ba07-0ecea6e0245b,square,ZRXLXBYFJMMHJYCEAK3BQMPE,Lemon Limeade (Regular) Refill,Stone Fruit (Peach Apricot and Dark Cherry,,2026-04-03 13:38:37.815259
265,92193a1d-52d5-4c20-ba07-0ecea6e0245b,square,73LHXPEUCC33NKECDLG42D6F,Lemon Limeade (Regular) Refill,Watermelon,126,2026-04-03 13:38:37.815259
266,92193a1d-52d5-4c20-ba07-0ecea6e0245b,square,YINORWBWBMANMYPDYJAIEO5X,Lemon Limeade (SF) Refill,SF Classic,,2026-04-03 13:38:37.815259
267,92193a1d-52d5-4c20-ba07-0ecea6e0245b,square,CHW3W33KZMPYE3V5TSKBUR4M,Lemon Limeade (SF) Refill,SF Blue Raz,,2026-04-03 13:38:37.815259
268,92193a1d-52d5-4c20-ba07-0ecea6e0245b,square,2NVQTUU67OJVFY6TP7XZB3WE,Lemon Limeade (SF) Refill,SF Cherry,,2026-04-03 13:38:37.815259
269,92193a1d-52d5-4c20-ba07-0ecea6e0245b,square,6QWAL5O23QFWWSQORT5KI55X,Lemon Limeade (SF) Refill,SF Coconut,,2026-04-03 13:38:37.815259
270,92193a1d-52d5-4c20-ba07-0ecea6e0245b,square,7363VE4MASGSI7UBDTONTSHN,Lemon Limeade (SF) Refill,SF Peach,,2026-04-03 13:38:37.815259
271,92193a1d-52d5-4c20-ba07-0ecea6e0245b,square,HMBVNXFBPEJUM2PQRPTRQETD,Lemon Limeade (SF) Refill,SF Raspberry,,2026-04-03 13:38:37.815259
272,92193a1d-52d5-4c20-ba07-0ecea6e0245b,square,SCUPB2FCKQ2CJS6PNCB52TWN,Lemon Limeade (SF) Refill,SF Strawberry,,2026-04-03 13:38:37.815259
273,92193a1d-52d5-4c20-ba07-0ecea6e0245b,square,GVLYPH6ULFTGYYHG7SJZWPRK,Lemonade (Regular) Refill,Classic,,2026-04-03 13:38:37.815259
274,92193a1d-52d5-4c20-ba07-0ecea6e0245b,square,OIEVEWON35ZHCJXT6L4PEUC6,Lemonade (Regular) Refill,Blue Raz,,2026-04-03 13:38:37.815259
275,92193a1d-52d5-4c20-ba07-0ecea6e0245b,square,75SUSSLJIW7NRTIYB7SH7LWZ,Lemonade (Regular) Refill,Candied Orange,118,2026-04-03 13:38:37.815259
276,92193a1d-52d5-4c20-ba07-0ecea6e0245b,square,QUNI5QZ63TYICRRMKJPTXPFA,Lemonade (Regular) Refill,Cherry,134,2026-04-03 13:38:37.815259
277,92193a1d-52d5-4c20-ba07-0ecea6e0245b,square,2DQAUMUXIMXPQGKGHFAOJ64D,Lemonade (Regular) Refill,Coconut,130,2026-04-03 13:38:37.815259
278,92193a1d-52d5-4c20-ba07-0ecea6e0245b,square,AJ7R57JTG2KXVXB3VYA5TXFY,Lemonade (Regular) Refill,Cucumber,120,2026-04-03 13:38:37.815259
279,92193a1d-52d5-4c20-ba07-0ecea6e0245b,square,Q5OZWAC4X2ZA5ZH5AVBAZFXJ,Lemonade (Regular) Refill,French Vanilla,127,2026-04-03 13:38:37.815259
280,92193a1d-52d5-4c20-ba07-0ecea6e0245b,square,LEZL25Q5ED4GWXUNJFXXQ37J,Lemonade (Regular) Refill,Lavender,121,2026-04-03 13:38:37.815259
281,92193a1d-52d5-4c20-ba07-0ecea6e0245b,square,XTRXVHNULWHLYD6J4L76W2TG,Lemonade (Regular) Refill,Peach,131,2026-04-03 13:38:37.815259
282,92193a1d-52d5-4c20-ba07-0ecea6e0245b,square,JIRUPIURBACYGPJEIQGBX343,Lemonade (Regular) Refill,Pineapple,123,2026-04-03 13:38:37.815259
283,92193a1d-52d5-4c20-ba07-0ecea6e0245b,square,SGEKJRMEQ2C6WICQ62JMN6QL,Lemonade (Regular) Refill,Raspberry,132,2026-04-03 13:38:37.815259
284,92193a1d-52d5-4c20-ba07-0ecea6e0245b,square,DQH5GTDGOGN7L5DJB5LIQCGI,Lemonade (Regular) Refill,Rose,,2026-04-03 13:38:37.815259
285,92193a1d-52d5-4c20-ba07-0ecea6e0245b,square,KKI5K7YBSWSZ6FTQJICELG6F,Lemonade (Regular) Refill,Stone Fruit (Peach Apricot and Dark Cherry,,2026-04-03 13:38:37.815259
286,92193a1d-52d5-4c20-ba07-0ecea6e0245b,square,ZOS523WINUIG4YYVL46L7J3A,Lemonade (Regular) Refill,Strawberry,133,2026-04-03 13:38:37.815259
287,92193a1d-52d5-4c20-ba07-0ecea6e0245b,square,CGNQVMHR5N4B2NYJ6FJJDHQW,Lemonade (Regular) Refill,Watermelon,126,2026-04-03 13:38:37.815259
288,92193a1d-52d5-4c20-ba07-0ecea6e0245b,square,DAZIAQGA4HD6JMMCW4DEA3XM,Lemonade (SF) Refill,SF Classic,,2026-04-03 13:38:37.815259
289,92193a1d-52d5-4c20-ba07-0ecea6e0245b,square,QV5UGUIEOUVO7HHBUEPB5CKV,Lemonade (SF) Refill,SF Blue Raz,,2026-04-03 13:38:37.815259
290,92193a1d-52d5-4c20-ba07-0ecea6e0245b,square,SWOTTYZCYVJVLZNSU5HCOFVX,Lemonade (SF) Refill,SF Cherry,,2026-04-03 13:38:37.815259
291,92193a1d-52d5-4c20-ba07-0ecea6e0245b,square,T67J2ASCXXMLUQU7JVGRJYP7,Lemonade (SF) Refill,SF Coconut,,2026-04-03 13:38:37.815259
292,92193a1d-52d5-4c20-ba07-0ecea6e0245b,square,Q7ZWNRGN6RJKG455NROENZM5,Lemonade (SF) Refill,SF Peach,,2026-04-03 13:38:37.815259
293,92193a1d-52d5-4c20-ba07-0ecea6e0245b,square,VSCJSYDI7BWTZFCVRNOAWOT6,Lemonade (SF) Refill,SF Raspberry,,2026-04-03 13:38:37.815259
294,92193a1d-52d5-4c20-ba07-0ecea6e0245b,square,OYAF5Q6WKWTCE67Q4D5QWUXQ,Lemonade (SF) Refill,SF Strawberry,,2026-04-03 13:38:37.815259
295,92193a1d-52d5-4c20-ba07-0ecea6e0245b,square,2RJPNEQXLTXKLSQMEEZB3NOZ,Limeade (Regular) Refill,Classic,,2026-04-03 13:38:37.815259
296,92193a1d-52d5-4c20-ba07-0ecea6e0245b,square,C2XHJUZ3RADMFUFHTPIPGQPU,Limeade (Regular) Refill,Blue Raz,,2026-04-03 13:38:37.815259
297,92193a1d-52d5-4c20-ba07-0ecea6e0245b,square,7XHCAP3ZMJYMDQOYNBYHS5EX,Limeade (Regular) Refill,Candied Orange,118,2026-04-03 13:38:37.815259
298,92193a1d-52d5-4c20-ba07-0ecea6e0245b,square,NHVO7XZBWWTKDL6IYTRMBWIB,Limeade (Regular) Refill,Coconut,130,2026-04-03 13:38:37.815259
299,92193a1d-52d5-4c20-ba07-0ecea6e0245b,square,OSM6QB7G375RDC24WP6WEBVX,Limeade (Regular) Refill,Cucumber,120,2026-04-03 13:38:37.815259
300,92193a1d-52d5-4c20-ba07-0ecea6e0245b,square,FRFIGMOU2MQ4OKPECV3355GA,Limeade (Regular) Refill,French Vanilla,127,2026-04-03 13:38:37.815259
301,92193a1d-52d5-4c20-ba07-0ecea6e0245b,square,WLKAPJCWFKW7PQRQFRQ4ZXNK,Limeade (Regular) Refill,Lavender,121,2026-04-03 13:38:37.815259
302,92193a1d-52d5-4c20-ba07-0ecea6e0245b,square,WPGUPPN2FFIYWRUFLUSB7QHV,Limeade (Regular) Refill,Peach,131,2026-04-03 13:38:37.815259
303,92193a1d-52d5-4c20-ba07-0ecea6e0245b,square,SS7UIXIYYEIYFF47IIH5CU7I,Limeade (Regular) Refill,Pineapple,123,2026-04-03 13:38:37.815259
304,92193a1d-52d5-4c20-ba07-0ecea6e0245b,square,6G4YZ22WOJPR7YEVU46U7H7F,Limeade (Regular) Refill,Raspberry,132,2026-04-03 13:38:37.815259
305,92193a1d-52d5-4c20-ba07-0ecea6e0245b,square,FMQOSR3RS4YTICAUXSPMHF4B,Limeade (Regular) Refill,Rose,,2026-04-03 13:38:37.815259
306,92193a1d-52d5-4c20-ba07-0ecea6e0245b,square,OUUJQ2A6OTZ2B2VCTU7X5IUR,Limeade (Regular) Refill,Stone fruit (Peach Apricot and Dark Cherry),,2026-04-03 13:38:37.815259
307,92193a1d-52d5-4c20-ba07-0ecea6e0245b,square,TLWJTWEJTIIM4YNMZMRKTCNY,Limeade (Regular) Refill,Strawberry,133,2026-04-03 13:38:37.815259
308,92193a1d-52d5-4c20-ba07-0ecea6e0245b,square,6YIIV2GIYZSQ4UN2KKIMIREB,Limeade (Regular) Refill,Watermelon,126,2026-04-03 13:38:37.815259
309,92193a1d-52d5-4c20-ba07-0ecea6e0245b,square,TB5JJUU73GR7ORU6DYIB6KQW,Limeade (SF) Refill,SF Classic,,2026-04-03 13:38:37.815259
310,92193a1d-52d5-4c20-ba07-0ecea6e0245b,square,K3BEGVY4S4WKHSHZJ4NQJTBJ,Limeade (SF) Refill,SF Blue Raz,,2026-04-03 13:38:37.815259
311,92193a1d-52d5-4c20-ba07-0ecea6e0245b,square,F6TDL33NSOKUOEMVJX74XGVS,Limeade (SF) Refill,SF Coconut,,2026-04-03 13:38:37.815259
312,92193a1d-52d5-4c20-ba07-0ecea6e0245b,square,33GIRFAA3FBLQT4DYPFYO7K6,Limeade (SF) Refill,SF Peach,,2026-04-03 13:38:37.815259
313,92193a1d-52d5-4c20-ba07-0ecea6e0245b,square,4532VARE3V7XI2CTSDOXIY4U,Limeade (SF) Refill,SF Raspberry,,2026-04-03 13:38:37.815259
314,92193a1d-52d5-4c20-ba07-0ecea6e0245b,square,QLTGEJIXEZSH4PSZUGRBMLXE,Limeade (SF) Refill,SF Strawberry,,2026-04-03 13:38:37.815259
315,92193a1d-52d5-4c20-ba07-0ecea6e0245b,square,WVU3JWW7LXYTBX35WXURYANC,Flavor Add On,Blue Raz,135,2026-04-03 13:38:37.815259
316,92193a1d-52d5-4c20-ba07-0ecea6e0245b,square,5Q6MG35LAQ6CV5YQ65NEY5VY,Flavor Add On,SF Blue Raz,135,2026-04-03 13:38:37.815259
317,92193a1d-52d5-4c20-ba07-0ecea6e0245b,square,EOHD3MJTKMEDMLN2ZSMPJ7YC,Flavor Add On,Candied Orange,118,2026-04-03 13:38:37.815259
318,92193a1d-52d5-4c20-ba07-0ecea6e0245b,square,5S4L6M26646GRS247NZ3ZH4R,Flavor Add On,Cherry,135,2026-04-03 13:38:37.815259
319,92193a1d-52d5-4c20-ba07-0ecea6e0245b,square,6LRZA47CZP7C3PBP6KF34CLX,Flavor Add On,SF Cherry,135,2026-04-03 13:38:37.815259
320,92193a1d-52d5-4c20-ba07-0ecea6e0245b,square,ZAJOQDNZLVEEPPKX7OFD22GI,Flavor Add On,Coconut,135,2026-04-03 13:38:37.815259
321,92193a1d-52d5-4c20-ba07-0ecea6e0245b,square,DAIAUOJ6XOLCM4FDSAFSBI3J,Flavor Add On,SF Coconut,135,2026-04-03 13:38:37.815259
322,92193a1d-52d5-4c20-ba07-0ecea6e0245b,square,G3EFCUF2EKE76KHCE2GNOCWB,Flavor Add On,Cucumber,135,2026-04-03 13:38:37.815259
323,92193a1d-52d5-4c20-ba07-0ecea6e0245b,square,WKJPDDK3ZXL6VVROZYGNS6I3,Flavor Add On,French Vanilla,127,2026-04-03 13:38:37.815259
324,92193a1d-52d5-4c20-ba07-0ecea6e0245b,square,SOIIZJYUR4UIPNZ3JDS6SDHY,Flavor Add On,Ginger,135,2026-04-03 13:38:37.815259
325,92193a1d-52d5-4c20-ba07-0ecea6e0245b,square,EZZKBK7Y2JFXZRHDP37JQ6WX,Flavor Add On,Green Apple,135,2026-04-03 13:38:37.815259
326,92193a1d-52d5-4c20-ba07-0ecea6e0245b,square,ASDBGTNXDKJROI365WXDLLPL,Flavor Add On,Guava,135,2026-04-03 13:38:37.815259
327,92193a1d-52d5-4c20-ba07-0ecea6e0245b,square,E7HOIHTSSZJKENF2EYKQZVSA,Flavor Add On,Kiwi,135,2026-04-03 13:38:37.815259
328,92193a1d-52d5-4c20-ba07-0ecea6e0245b,square,SJ56YLW6ZNNSPX6KDIPH2WWB,Flavor Add On,Lavender,135,2026-04-03 13:38:37.815259
329,92193a1d-52d5-4c20-ba07-0ecea6e0245b,square,7XX7N2WNP6H2DNESIQFAMKJA,Flavor Add On,Mango,135,2026-04-03 13:38:37.815259
330,92193a1d-52d5-4c20-ba07-0ecea6e0245b,square,OBOEY5LJQOJ5MGDYBZTOGZHR,Flavor Add On,Peach,135,2026-04-03 13:38:37.815259
331,92193a1d-52d5-4c20-ba07-0ecea6e0245b,square,LHDJCWMK4SIRIP52JKPO4PGG,Flavor Add On,SF Peach,135,2026-04-03 13:38:37.815259
332,92193a1d-52d5-4c20-ba07-0ecea6e0245b,square,CU75A3Z7KEEUJ3KK3LZU6CL3,Flavor Add On,Pineapple,135,2026-04-03 13:38:37.815259
333,92193a1d-52d5-4c20-ba07-0ecea6e0245b,square,GUO7B4USKCXHYZSL6I25L2PT,Flavor Add On,Raspberry,135,2026-04-03 13:38:37.815259
334,92193a1d-52d5-4c20-ba07-0ecea6e0245b,square,7O3MPZXWTWAJF7YRORE2TSTH,Flavor Add On,SF Raspberry,135,2026-04-03 13:38:37.815259
335,92193a1d-52d5-4c20-ba07-0ecea6e0245b,square,VGMKCMBLPNHJOD6P2AM4YPZH,Flavor Add On,Stone Fruit (Peach Apricot and Dark Cherry),,2026-04-03 13:38:37.815259
336,92193a1d-52d5-4c20-ba07-0ecea6e0245b,square,FOHWDRPNFW34SOO4LWISTPFX,Flavor Add On,Strawberry,135,2026-04-03 13:38:37.815259
337,92193a1d-52d5-4c20-ba07-0ecea6e0245b,square,TFOQKI2ADL65RF53QRI6JREK,Flavor Add On,SF Strawberry,135,2026-04-03 13:38:37.815259
338,92193a1d-52d5-4c20-ba07-0ecea6e0245b,square,K3J7HL64MDP32XZCGV36STIO,Flavor Add On,Sweetened Condensed Milk,135,2026-04-03 13:38:37.815259
339,92193a1d-52d5-4c20-ba07-0ecea6e0245b,square,TWN2F6NY2GYJ277EKTLBADRB,Flavor Add On,Watermelon,135,2026-04-03 13:38:37.815259
340,92193a1d-52d5-4c20-ba07-0ecea6e0245b,square,NHGXMLK7FVTFGTSHSFDBSYPU,Lemon N Cream Refill,Regular,,2026-04-03 13:38:37.815259
341,92193a1d-52d5-4c20-ba07-0ecea6e0245b,square,5QRJW4M3ANNUFLFIACH6RUMC,Lemon N Cream Refill,Blue Raz,,2026-04-03 13:38:37.815259
342,92193a1d-52d5-4c20-ba07-0ecea6e0245b,square,FDEB7BXWOC3IKVNAKFQOQIG3,Lemon N Cream Refill,Candied Orange,118,2026-04-03 13:38:37.815259
343,92193a1d-52d5-4c20-ba07-0ecea6e0245b,square,7VSFM5NU2QENWCW7QTCXP7ZV,Lemon N Cream Refill,Cherry,134,2026-04-03 13:38:37.815259
344,92193a1d-52d5-4c20-ba07-0ecea6e0245b,square,KH7FARJREMHPNSH326GMIRNN,Lemon N Cream Refill,Coconut,130,2026-04-03 13:38:37.815259
345,92193a1d-52d5-4c20-ba07-0ecea6e0245b,square,OTXEVCKXWX7BM55AYORZKR6L,Lemon N Cream Refill,Cucumber,120,2026-04-03 13:38:37.815259
346,92193a1d-52d5-4c20-ba07-0ecea6e0245b,square,VGRXG4PYLWA3LYGOB3BWVQC5,Lemon N Cream Refill,French Vanilla,127,2026-04-03 13:38:37.815259
347,92193a1d-52d5-4c20-ba07-0ecea6e0245b,square,UX53BSKWQVMPXQCJELNOUONQ,Lemon N Cream Refill,Lavender,121,2026-04-03 13:38:37.815259
348,92193a1d-52d5-4c20-ba07-0ecea6e0245b,square,TTOMH3DV42CBIYC3LCIIYGC3,Lemon N Cream Refill,Peach,131,2026-04-03 13:38:37.815259
349,92193a1d-52d5-4c20-ba07-0ecea6e0245b,square,VY3WZ3V4DMF6JSPX7L3O2KFO,Lemon N Cream Refill,Pineapple,123,2026-04-03 13:38:37.815259
350,92193a1d-52d5-4c20-ba07-0ecea6e0245b,square,ZUMU6Z4ZRXTUFGE3Z4JI6FNS,Lemon N Cream Refill,Raspberry,132,2026-04-03 13:38:37.815259
351,92193a1d-52d5-4c20-ba07-0ecea6e0245b,square,252ADJRGCAXRIKX472GJ5RPK,Lemon N Cream Refill,Rose,,2026-04-03 13:38:37.815259
352,92193a1d-52d5-4c20-ba07-0ecea6e0245b,square,FIURUCP2YHHVXGQT3G6UP7CR,Lemon N Cream Refill,Stone Fruit (Peach Apricot and Dark Cherry),,2026-04-03 13:38:37.815259
353,92193a1d-52d5-4c20-ba07-0ecea6e0245b,square,DLNKRQXWHSCZDVBJBM5O4JBO,Lemon N Cream Refill,Strawberry,133,2026-04-03 13:38:37.815259
354,92193a1d-52d5-4c20-ba07-0ecea6e0245b,square,Q4RFBP7EVTD7EZUZ6MRYWWTM,Lemon N Cream Refill,Watermelon,126,2026-04-03 13:38:37.815259
355,92193a1d-52d5-4c20-ba07-0ecea6e0245b,square,7ZOGSYAW6IAAXPZI4ODDUIL7,Arnold Palmer (Regular) Refill,Classic,,2026-04-03 13:38:37.815259
356,92193a1d-52d5-4c20-ba07-0ecea6e0245b,square,YCDSO3IW2JP4RWBS3ORTL5QF,Arnold Palmer (Regular) Refill,Blue Raz,,2026-04-03 13:38:37.815259
357,92193a1d-52d5-4c20-ba07-0ecea6e0245b,square,UXWSJEUIOTGNT267IDDZPNZ3,Arnold Palmer (Regular) Refill,Candied Orange,118,2026-04-03 13:38:37.815259
358,92193a1d-52d5-4c20-ba07-0ecea6e0245b,square,WTYAP4HWU7O5CXUBMRS3BIQQ,Arnold Palmer (Regular) Refill,Cherry,134,2026-04-03 13:38:37.815259
359,92193a1d-52d5-4c20-ba07-0ecea6e0245b,square,VJZNRCYOG47PMXJD7GB64VOB,Arnold Palmer (Regular) Refill,Coconut,130,2026-04-03 13:38:37.815259
360,92193a1d-52d5-4c20-ba07-0ecea6e0245b,square,MRLMUULVKV5SQ27WZQEVHFVU,Arnold Palmer (Regular) Refill,Cucumber,120,2026-04-03 13:38:37.815259
361,92193a1d-52d5-4c20-ba07-0ecea6e0245b,square,SY47EIQTA2HILBSVQNZ5OZHI,Arnold Palmer (Regular) Refill,French Vanilla,127,2026-04-03 13:38:37.815259
362,92193a1d-52d5-4c20-ba07-0ecea6e0245b,square,PVT2SFO2OWM5ZAF7VNADMRB3,Arnold Palmer (Regular) Refill,Lavender,121,2026-04-03 13:38:37.815259
363,92193a1d-52d5-4c20-ba07-0ecea6e0245b,square,ZVJ6ZCO3FBEUM62POFEVMWWT,Arnold Palmer (Regular) Refill,Peach,131,2026-04-03 13:38:37.815259
364,92193a1d-52d5-4c20-ba07-0ecea6e0245b,square,UHJE5U4BYQQU3H2XLRSMKRT7,Arnold Palmer (Regular) Refill,Pineapple,123,2026-04-03 13:38:37.815259
365,92193a1d-52d5-4c20-ba07-0ecea6e0245b,square,N5UHXGOJPGPEODURVW3IHACZ,Arnold Palmer (Regular) Refill,Raspberry,132,2026-04-03 13:38:37.815259
366,92193a1d-52d5-4c20-ba07-0ecea6e0245b,square,PPCTPSE3JCKQWXL6MUUOSOTW,Arnold Palmer (Regular) Refill,Rose,,2026-04-03 13:38:37.815259
367,92193a1d-52d5-4c20-ba07-0ecea6e0245b,square,2X7XEGZ4UJIBNOOY3SVGFGGG,Arnold Palmer (Regular) Refill,Stone Fruit (Peach Apricot and Dark Cherry),,2026-04-03 13:38:37.815259
368,92193a1d-52d5-4c20-ba07-0ecea6e0245b,square,LKIAYWGPU4IGXE2VSONWHOR2,Arnold Palmer (Regular) Refill,Strawberry,133,2026-04-03 13:38:37.815259
369,92193a1d-52d5-4c20-ba07-0ecea6e0245b,square,YWE5U4UHP2GUKQD6MVCIAML2,Arnold Palmer (Regular) Refill,Watermelon,126,2026-04-03 13:38:37.815259
370,92193a1d-52d5-4c20-ba07-0ecea6e0245b,square,IFEJKYCR3WQBX2LVWC43X3KJ,Arnold Palmer (SF),SF Classic,,2026-04-03 13:38:37.815259
371,92193a1d-52d5-4c20-ba07-0ecea6e0245b,square,VM5NUX4BMPFSPRHQCNKSZWIU,Arnold Palmer (SF),SF Blue Raz,,2026-04-03 13:38:37.815259
372,92193a1d-52d5-4c20-ba07-0ecea6e0245b,square,QJCOHMFHEKD7QIYS46A7VJWB,Arnold Palmer (SF),SF Cherry,,2026-04-03 13:38:37.815259
373,92193a1d-52d5-4c20-ba07-0ecea6e0245b,square,I7ETEKBOAB3C3AFSXHILIIAW,Arnold Palmer (SF),SF Coconut,,2026-04-03 13:38:37.815259
374,92193a1d-52d5-4c20-ba07-0ecea6e0245b,square,B3MLRIQ7W22MNVRG22RXNZPE,Arnold Palmer (SF),SF Peach,,2026-04-03 13:38:37.815259
375,92193a1d-52d5-4c20-ba07-0ecea6e0245b,square,TNZVEVAWQ462UATWEQQPBACT,Arnold Palmer (SF),SF Raspberry,,2026-04-03 13:38:37.815259
376,92193a1d-52d5-4c20-ba07-0ecea6e0245b,square,XGXYLOJK43M6K6JUZ4AF5AA2,Arnold Palmer (SF),SF Strawberry,,2026-04-03 13:38:37.815259
377,92193a1d-52d5-4c20-ba07-0ecea6e0245b,square,VHTXFCJTFZWWGS6ZQNIZQMR4,Arnold Palmer (SF) Refill,SF Classic,,2026-04-03 13:38:37.815259
378,92193a1d-52d5-4c20-ba07-0ecea6e0245b,square,P3FSIVGUQOGY352CBWEXTXMZ,Arnold Palmer (SF) Refill,SF Blue Raz,,2026-04-03 13:38:37.815259
379,92193a1d-52d5-4c20-ba07-0ecea6e0245b,square,W5ZMIX2DID6GTQJOTJZTWPKR,Arnold Palmer (SF) Refill,SF Cherry,,2026-04-03 13:38:37.815259
380,92193a1d-52d5-4c20-ba07-0ecea6e0245b,square,5CH2URH5CCR7S2F6ZPZHQC6F,Arnold Palmer (SF) Refill,SF Coconut,,2026-04-03 13:38:37.815259
381,92193a1d-52d5-4c20-ba07-0ecea6e0245b,square,TDWLJ5GC4QQULY5AYT22JIZ7,Arnold Palmer (SF) Refill,SF Peach,,2026-04-03 13:38:37.815259
382,92193a1d-52d5-4c20-ba07-0ecea6e0245b,square,46MFO5KUB6UG6N22JRPUW2NA,Arnold Palmer (SF) Refill,SF Raspberry,,2026-04-03 13:38:37.815259
383,92193a1d-52d5-4c20-ba07-0ecea6e0245b,square,5INXZT5ZAU2BMUQNPJ4LEQ5Q,Arnold Palmer (SF) Refill,SF Strawberry,,2026-04-03 13:38:37.815259
384,92193a1d-52d5-4c20-ba07-0ecea6e0245b,square,XQ6YH4MLSSDAWLVDODUY7MLB,Lime N Cream,Regular,113,2026-04-03 13:38:37.815259
385,92193a1d-52d5-4c20-ba07-0ecea6e0245b,square,TELAXB5MK5XHZIDWTP4VX3WU,Lime N Cream,Blue Raz,,2026-04-03 13:38:37.815259
386,92193a1d-52d5-4c20-ba07-0ecea6e0245b,square,Q3NTKIE2HVKWQ3QPFCWC7BQ7,Lime N Cream,Candied Orange,118,2026-04-03 13:38:37.815259
387,92193a1d-52d5-4c20-ba07-0ecea6e0245b,square,6HHIOVWWF63VTSREPCEICWLG,Lime N Cream,Cherry,134,2026-04-03 13:38:37.815259
388,92193a1d-52d5-4c20-ba07-0ecea6e0245b,square,VQLZCCPPQ64OKQ4VLYINUH47,Lime N Cream,Coconut,130,2026-04-03 13:38:37.815259
389,92193a1d-52d5-4c20-ba07-0ecea6e0245b,square,LU45RZ52VODF2FKM73LZDWDF,Lime N Cream,Cucumber,120,2026-04-03 13:38:37.815259
390,92193a1d-52d5-4c20-ba07-0ecea6e0245b,square,LL2S2EOZACB5LAAEUY3ZOWZH,Lime N Cream,French Vanilla,127,2026-04-03 13:38:37.815259
391,92193a1d-52d5-4c20-ba07-0ecea6e0245b,square,OVLV5VMY4XWTSVRFK2Z4O4KQ,Lime N Cream,Lavender,121,2026-04-03 13:38:37.815259
392,92193a1d-52d5-4c20-ba07-0ecea6e0245b,square,OJD74UUF6DVTOKZ3P32I6J7C,Lime N Cream,Peach,131,2026-04-03 13:38:37.815259
393,92193a1d-52d5-4c20-ba07-0ecea6e0245b,square,U52Z6MEBKXHB5HRWEMC3H5HD,Lime N Cream,Pineapple,123,2026-04-03 13:38:37.815259
394,92193a1d-52d5-4c20-ba07-0ecea6e0245b,square,M7KPT2ITSAQS7NNY5ENS5QGJ,Lime N Cream,Raspberry,132,2026-04-03 13:38:37.815259
395,92193a1d-52d5-4c20-ba07-0ecea6e0245b,square,52JLH6ZQUDMJ37PJT6AXOZNX,Lime N Cream,Rose,,2026-04-03 13:38:37.815259
396,92193a1d-52d5-4c20-ba07-0ecea6e0245b,square,XC6W5A6QE6BFSQ6MCQHYON3U,Lime N Cream,Stone Fruit (Peach Apricot and Dark Cherry),,2026-04-03 13:38:37.815259
397,92193a1d-52d5-4c20-ba07-0ecea6e0245b,square,FTYEPDKYXA734AP5PGLPSTRV,Lime N Cream,Strawberry,133,2026-04-03 13:38:37.815259
398,92193a1d-52d5-4c20-ba07-0ecea6e0245b,square,AUV44C4DSH4ZQLENNDGR37CM,Lime N Cream,Watermelon,126,2026-04-03 13:38:37.815259
399,92193a1d-52d5-4c20-ba07-0ecea6e0245b,square,B4TBNKU4NVTZVUAE7M3DDT6M,Lime N Cream Refill,Regular,,2026-04-03 13:38:37.815259
400,92193a1d-52d5-4c20-ba07-0ecea6e0245b,square,37NW4WHORNRS2SN5VVH4AOGE,Lime N Cream Refill,Blue Raz,,2026-04-03 13:38:37.815259
401,92193a1d-52d5-4c20-ba07-0ecea6e0245b,square,4U5S55KMATRS6HVFWY23VNNC,Lime N Cream Refill,Candied Orange,118,2026-04-03 13:38:37.815259
402,92193a1d-52d5-4c20-ba07-0ecea6e0245b,square,4DR2N4WACH3RU4TTMBWNA4E6,Lime N Cream Refill,Cherry,134,2026-04-03 13:38:37.815259
403,92193a1d-52d5-4c20-ba07-0ecea6e0245b,square,5UAACZKUU7Z3FWCI4LIBR37U,Lime N Cream Refill,Coconut,130,2026-04-03 13:38:37.815259
404,92193a1d-52d5-4c20-ba07-0ecea6e0245b,square,HNY56KYSJLPUUSOLEPXCEBUD,Lime N Cream Refill,Cucumber,120,2026-04-03 13:38:37.815259
405,92193a1d-52d5-4c20-ba07-0ecea6e0245b,square,JBDPY6S3TF6ZYIWD6PX3M54B,Lime N Cream Refill,French Vanilla,127,2026-04-03 13:38:37.815259
406,92193a1d-52d5-4c20-ba07-0ecea6e0245b,square,EWMRZKXJVX73NREBRXVJT37Z,Lime N Cream Refill,Lavender,121,2026-04-03 13:38:37.815259
407,92193a1d-52d5-4c20-ba07-0ecea6e0245b,square,ENKXNLXUIV5NBN47OY6U2VFF,Lime N Cream Refill,Peach,131,2026-04-03 13:38:37.815259
408,92193a1d-52d5-4c20-ba07-0ecea6e0245b,square,K5FIYFBXAXDGCCE3UFSZSMZE,Lime N Cream Refill,Pineapple,123,2026-04-03 13:38:37.815259
409,92193a1d-52d5-4c20-ba07-0ecea6e0245b,square,V42OIOZBJJUQIMR5LV2NVF4J,Lime N Cream Refill,Raspberry,132,2026-04-03 13:38:37.815259
410,92193a1d-52d5-4c20-ba07-0ecea6e0245b,square,VYJXQSRNYG2LPU5IUYTWVVGV,Lime N Cream Refill,Rose,,2026-04-03 13:38:37.815259
411,92193a1d-52d5-4c20-ba07-0ecea6e0245b,square,M4CBQJRKTHLNZAXP6G5J4MDX,Lime N Cream Refill,Stone Fruit (Peach Apricot and Dark Cherry),,2026-04-03 13:38:37.815259
412,92193a1d-52d5-4c20-ba07-0ecea6e0245b,square,TGRMS33DEOEBTXXXEQZ3WL6K,Lime N Cream Refill,Strawberry,133,2026-04-03 13:38:37.815259
413,92193a1d-52d5-4c20-ba07-0ecea6e0245b,square,WG7XC4GBMKLOIN56O6T664K5,Lime N Cream Refill,Watermelon,126,2026-04-03 13:38:37.815259
414,92193a1d-52d5-4c20-ba07-0ecea6e0245b,square,SCDUISSK5EJQTONVQCXS5SF5,Lemon Lime N Cream,Regular,,2026-04-03 13:38:37.815259
415,92193a1d-52d5-4c20-ba07-0ecea6e0245b,square,KNO6LPL4RQDIKQHXBELLA6EG,Lemon Lime N Cream,Blue Raz,,2026-04-03 13:38:37.815259
416,92193a1d-52d5-4c20-ba07-0ecea6e0245b,square,RNATFSVO4Y2WUR3X5SSFSEDM,Lemon Lime N Cream,Candied Orange,118,2026-04-03 13:38:37.815259
417,92193a1d-52d5-4c20-ba07-0ecea6e0245b,square,G7377GGYRDV2GJEKZNN2W35D,Lemon Lime N Cream,Cherry,134,2026-04-03 13:38:37.815259
418,92193a1d-52d5-4c20-ba07-0ecea6e0245b,square,BZ72NKMPJXWGSNN7EC5TFEZA,Lemon Lime N Cream,Coconut,130,2026-04-03 13:38:37.815259
419,92193a1d-52d5-4c20-ba07-0ecea6e0245b,square,FTDQB45D5KYW2VHRWVNPSWHE,Lemon Lime N Cream,Cucumber,120,2026-04-03 13:38:37.815259
420,92193a1d-52d5-4c20-ba07-0ecea6e0245b,square,F6IPDDGIKHFCKWGTJRAS546A,Lemon Lime N Cream,French Vanilla,127,2026-04-03 13:38:37.815259
421,92193a1d-52d5-4c20-ba07-0ecea6e0245b,square,56PWPCIUO4COXBAP6366THYW,Lemon Lime N Cream,Lavender,121,2026-04-03 13:38:37.815259
422,92193a1d-52d5-4c20-ba07-0ecea6e0245b,square,6LVT5JGLL7QIIB2BK7GEEX3N,Lemon Lime N Cream,Peach,131,2026-04-03 13:38:37.815259
423,92193a1d-52d5-4c20-ba07-0ecea6e0245b,square,XMOILSOIST3N4RMI3CDBPBRW,Lemon Lime N Cream,Pineapple,123,2026-04-03 13:38:37.815259
424,92193a1d-52d5-4c20-ba07-0ecea6e0245b,square,BYP6W53PTB3QGPBCXBJ2JO3M,Lemon Lime N Cream,Raspberry,132,2026-04-03 13:38:37.815259
425,92193a1d-52d5-4c20-ba07-0ecea6e0245b,square,KQOBLAV4WH4HSGKB27U3KJFS,Lemon Lime N Cream,Rose,,2026-04-03 13:38:37.815259
426,92193a1d-52d5-4c20-ba07-0ecea6e0245b,square,MDFBBMIMSXBFKSVBEXD2LGSA,Lemon Lime N Cream,Stone Fruit (Peach Apricot and Dark Cherry),,2026-04-03 13:38:37.815259
427,92193a1d-52d5-4c20-ba07-0ecea6e0245b,square,X3NLJYM7QMZLRNMFFWUZZBRR,Lemon Lime N Cream,Strawberry,133,2026-04-03 13:38:37.815259
428,92193a1d-52d5-4c20-ba07-0ecea6e0245b,square,SPYPX2PYK65VDIQM4SK6WINV,Lemon Lime N Cream,Watermelon,126,2026-04-03 13:38:37.815259
429,92193a1d-52d5-4c20-ba07-0ecea6e0245b,square,ZVUU447T3ULVUH6FITYI67U3,Lemon Lime N Cream Refill,Regular,,2026-04-03 13:38:37.815259
430,92193a1d-52d5-4c20-ba07-0ecea6e0245b,square,OIZOXQFUM23K7J3DHLWYMVQS,Lemon Lime N Cream Refill,Blue Raz,,2026-04-03 13:38:37.815259
431,92193a1d-52d5-4c20-ba07-0ecea6e0245b,square,OMIRMSNOB3DIUQH2YWZDUZTZ,Lemon Lime N Cream Refill,Candied Orange,118,2026-04-03 13:38:37.815259
432,92193a1d-52d5-4c20-ba07-0ecea6e0245b,square,SQWA77GZUSLTHF4UCPXJZJ2B,Lemon Lime N Cream Refill,Cherry,134,2026-04-03 13:38:37.815259
433,92193a1d-52d5-4c20-ba07-0ecea6e0245b,square,WCGBJ65PYFO5FZMK77VMHRPO,Lemon Lime N Cream Refill,Coconut,130,2026-04-03 13:38:37.815259
434,92193a1d-52d5-4c20-ba07-0ecea6e0245b,square,WISB5TUBUNMQRXWKG4RNC4UD,Lemon Lime N Cream Refill,Cucumber,120,2026-04-03 13:38:37.815259
435,92193a1d-52d5-4c20-ba07-0ecea6e0245b,square,2QTRK6UYKYMIG6EGGUKBZJ37,Lemon Lime N Cream Refill,French Vanilla,127,2026-04-03 13:38:37.815259
436,92193a1d-52d5-4c20-ba07-0ecea6e0245b,square,XWXUSJTODYQDK2SQ555TYEEO,Lemon Lime N Cream Refill,Lavender,121,2026-04-03 13:38:37.815259
437,92193a1d-52d5-4c20-ba07-0ecea6e0245b,square,HPTL4KQG76QX5PKAQTIDJGPK,Lemon Lime N Cream Refill,Peach,131,2026-04-03 13:38:37.815259
438,92193a1d-52d5-4c20-ba07-0ecea6e0245b,square,B7IJW2KNPJUNOWXO3PEIHJZT,Lemon Lime N Cream Refill,Pineapple,123,2026-04-03 13:38:37.815259
439,92193a1d-52d5-4c20-ba07-0ecea6e0245b,square,YNDKGUFJGJ6LGORHNXULQNAI,Lemon Lime N Cream Refill,Raspberry,132,2026-04-03 13:38:37.815259
440,92193a1d-52d5-4c20-ba07-0ecea6e0245b,square,NLGKV4ESGM7TJZMJNMHASEF3,Lemon Lime N Cream Refill,Rose,,2026-04-03 13:38:37.815259
441,92193a1d-52d5-4c20-ba07-0ecea6e0245b,square,AHVDUWC4KDHTUBHSZX263VXS,Lemon Lime N Cream Refill,Stone Fruit (Peach Apricot and Dark Cherry),,2026-04-03 13:38:37.815259
442,92193a1d-52d5-4c20-ba07-0ecea6e0245b,square,WNFUJYYPKKFFFUXJT4LP6VBH,Lemon Lime N Cream Refill,Strawberry,133,2026-04-03 13:38:37.815259
443,92193a1d-52d5-4c20-ba07-0ecea6e0245b,square,6SPGPKR3JOTLYHAPWXHI2BSV,Lemon Lime N Cream Refill,Watermelon,126,2026-04-03 13:38:37.815259
444,92193a1d-52d5-4c20-ba07-0ecea6e0245b,square,OEVXNF3S52LME6HKUDZ22CYL,Lemon,Regular,112,2026-04-03 13:38:37.815259
445,92193a1d-52d5-4c20-ba07-0ecea6e0245b,square,ZJHLOFOZQEXE7AZNMJ5QNEYZ,Lime,Regular,113,2026-04-03 13:38:37.815259
446,92193a1d-52d5-4c20-ba07-0ecea6e0245b,square,PSAUVXDSBJIGUYEJCS3BX6DH,Glowing Ice Cubes,Regular,136,2026-04-03 13:38:37.815259
447,92193a1d-52d5-4c20-ba07-0ecea6e0245b,square,2OURZ4PCCLYF3AQZFSKSVT7B,Candy,Regular,,2026-04-03 13:38:37.815259
448,92193a1d-52d5-4c20-ba07-0ecea6e0245b,square,PEFIQ23ULDWT77JBU7GAEUAQ,Water Refill,Regular,110,2026-04-03 13:38:37.815259
449,92193a1d-52d5-4c20-ba07-0ecea6e0245b,square,QXFF3PU76BH2ES3G7M32CMIH,DAS Energi Menu,Water,110,2026-04-03 13:38:37.815259
450,92193a1d-52d5-4c20-ba07-0ecea6e0245b,square,XIEIRUW32HZ7PT2QNJY76VAH,DAS Energi Menu,Classic Limeade,,2026-04-03 13:38:37.815259
451,92193a1d-52d5-4c20-ba07-0ecea6e0245b,square,CSLKQTRJK5ZYBVPUUL4G2BJI,DAS Energi Menu,Classic Lemonade,,2026-04-03 13:38:37.815259
452,92193a1d-52d5-4c20-ba07-0ecea6e0245b,square,5QB47ZEFYO6DTWCJXFEPXGDB,DAS Energi Menu,SF Lemonade,,2026-04-03 13:38:37.815259
453,92193a1d-52d5-4c20-ba07-0ecea6e0245b,square,KW2553ZPEK3W7HIGYELCSERG,DAS Energi Menu,SF Limeade,,2026-04-03 13:38:37.815259
454,92193a1d-52d5-4c20-ba07-0ecea6e0245b,square,3QPBUK7X5HEKN4H42EEGXCRG,DAS Energi Menu,Princess Peach,,2026-04-03 13:38:37.815259
455,92193a1d-52d5-4c20-ba07-0ecea6e0245b,square,ZNGX6ZEXJJ6RJQXO2BZPJBSZ,DAS Energi Menu,Blue Lagoon,,2026-04-03 13:38:37.815259
456,92193a1d-52d5-4c20-ba07-0ecea6e0245b,square,XXWA5WIMESZVWNOLXJZ45XLO,DAS Energi Menu,Arnold Palmer,,2026-04-03 13:38:37.815259
457,92193a1d-52d5-4c20-ba07-0ecea6e0245b,square,NMHX5EW46EV6KME6MDTVGXBF,DAS Energi Menu,Cherry Limeade,,2026-04-03 13:38:37.815259
458,92193a1d-52d5-4c20-ba07-0ecea6e0245b,square,YAUDVCPJ5M3J3Y2CQU5XPDSY,Das Energi Refills,Water,110,2026-04-03 13:38:37.815259
459,92193a1d-52d5-4c20-ba07-0ecea6e0245b,square,4B2JRQUI6RFU5S3ACPSNSCFQ,Das Energi Refills,Classic Lemonade,,2026-04-03 13:38:37.815259
460,92193a1d-52d5-4c20-ba07-0ecea6e0245b,square,LUDHJMKXH4YOR4IYMBDEX4N6,Das Energi Refills,Classic Limeade,,2026-04-03 13:38:37.815259
461,92193a1d-52d5-4c20-ba07-0ecea6e0245b,square,D2LRDXSBYY2ETIXRZAOJ7EVO,Das Energi Refills,SF Lemonade,,2026-04-03 13:38:37.815259
462,92193a1d-52d5-4c20-ba07-0ecea6e0245b,square,R5LTPIDQNIW4GX3BHFV3OIZX,Das Energi Refills,SF Limeade,,2026-04-03 13:38:37.815259
463,92193a1d-52d5-4c20-ba07-0ecea6e0245b,square,BJY6I5VI4FITDOX3JZLQJ5NA,Das Energi Refills,Princess Peach,,2026-04-03 13:38:37.815259
464,92193a1d-52d5-4c20-ba07-0ecea6e0245b,square,EVRNXHJSNYKBFBM2SUG5U3WE,Das Energi Refills,Blue Lagoon,,2026-04-03 13:38:37.815259
465,92193a1d-52d5-4c20-ba07-0ecea6e0245b,square,BT3YOWP7D6A3MSFOOOQWQL5F,Das Energi Refills,Arnold Palmer,,2026-04-03 13:38:37.815259
466,92193a1d-52d5-4c20-ba07-0ecea6e0245b,square,TPN3WJ55V3SSXDZ6OUFLAO5L,Das Energi Refills,Cherry Limeade,,2026-04-03 13:38:37.815259
467,92193a1d-52d5-4c20-ba07-0ecea6e0245b,square,HQQ3GEG2ZUOKGABF5266E5EO,POG,Regular,,2026-04-03 13:38:37.815259
468,92193a1d-52d5-4c20-ba07-0ecea6e0245b,square,W2KPXK5MDC3RSXGZ5VXQUGCF,POG,Refill,,2026-04-03 13:38:37.815259
469,92193a1d-52d5-4c20-ba07-0ecea6e0245b,square,QQDR7POJSZXMAUHQIXDWKP4G,Sweetened Condensed Milk,Regular,116,2026-04-03 13:38:37.815259
470,92193a1d-52d5-4c20-ba07-0ecea6e0245b,square,CMRKJGLM2BT2OTAYMYHGIXYR,Cup,Regular,108,2026-04-03 13:38:37.815259
471,92193a1d-52d5-4c20-ba07-0ecea6e0245b,square,QRNBN2A2DZWEPZSQ7KTK63NC,St. Patty's Day,The Leprechaun,,2026-04-03 13:38:37.815259
472,92193a1d-52d5-4c20-ba07-0ecea6e0245b,square,TL7I4W2PFMJZ4Z2PMXEWIDZF,St. Patty's Day,Pot O Gold,,2026-04-03 13:38:37.815259
473,92193a1d-52d5-4c20-ba07-0ecea6e0245b,square,2K7S3DKVAX2NZSUMUMI5OMAG,St. Patty's Day,The Emerald Dragon,,2026-04-03 13:38:37.815259
474,92193a1d-52d5-4c20-ba07-0ecea6e0245b,square,B4ERM4QI4RTRBLIHOHQNX4BL,St. Patty's Day,Orange Clover,,2026-04-03 13:38:37.815259
475,92193a1d-52d5-4c20-ba07-0ecea6e0245b,square,Q3SZKT4Y7TNCQ5QHLD7KCQYM,St. Patty's Day,Pinch Me,,2026-04-03 13:38:37.815259
476,92193a1d-52d5-4c20-ba07-0ecea6e0245b,square,WQ7SFKCBKBPL2BXMECC77P4X,St. Patty's Day,SF Pinch Me,,2026-04-03 13:38:37.815259
477,92193a1d-52d5-4c20-ba07-0ecea6e0245b,square,VK2LVHVVY6CCIGV7BPN4B4FW,St. Patty's Day Refills,The Leprechaun,,2026-04-03 13:38:37.815259
478,92193a1d-52d5-4c20-ba07-0ecea6e0245b,square,AJ3EZMGWKXZYQKDZTFG4JPMO,St. Patty's Day Refills,Pot O Gold,,2026-04-03 13:38:37.815259
479,92193a1d-52d5-4c20-ba07-0ecea6e0245b,square,QDWK7KASB7L6ZY7YA6QNG7Z3,St. Patty's Day Refills,The Emerald Dragon,,2026-04-03 13:38:37.815259
480,92193a1d-52d5-4c20-ba07-0ecea6e0245b,square,3HD6GBOSAYZXQDXWQBFZDXGQ,St. Patty's Day Refills,Orange Clover,,2026-04-03 13:38:37.815259
481,92193a1d-52d5-4c20-ba07-0ecea6e0245b,square,XV2SMX24UEMJAGQLWZFKR3BM,St. Patty's Day Refills,Pinch Me,,2026-04-03 13:38:37.815259
482,92193a1d-52d5-4c20-ba07-0ecea6e0245b,square,JE2FWQSPQPU3BBYGWMUDJHJ3,St. Patty's Day Refills,SF Pinch Me,,2026-04-03 13:38:37.815259
