id,userId,name,squareName,createdAt,updatedAt
1,92193a1d-52d5-4c20-ba07-0ecea6e0245b,Regular Lemonade,,2026-03-09 10:56:11.114061,2026-03-09 10:56:11.114061
3,92193a1d-52d5-4c20-ba07-0ecea6e0245b,Regular Limeade,,2026-03-09 10:56:11.148933,2026-03-09 10:56:11.148933
5,92193a1d-52d5-4c20-ba07-0ecea6e0245b,Regular Lemon Limeade,,2026-03-09 10:56:11.176974,2026-03-09 10:56:11.176974
6,92193a1d-52d5-4c20-ba07-0ecea6e0245b,Sugar Free Lemon Limeade,,2026-03-09 10:56:11.193678,2026-03-09 10:56:11.193678
8,92193a1d-52d5-4c20-ba07-0ecea6e0245b,Arnold Palmer,,2026-03-09 10:56:11.224363,2026-03-09 10:56:11.224363
9,92193a1d-52d5-4c20-ba07-0ecea6e0245b,Sugar Free Arnold Palmer,,2026-03-09 10:56:11.237882,2026-03-09 10:56:11.237882
10,92193a1d-52d5-4c20-ba07-0ecea6e0245b,Blue Lagoon,,2026-03-09 10:56:11.251476,2026-03-09 10:56:11.251476
11,92193a1d-52d5-4c20-ba07-0ecea6e0245b,Regular N Cream Limeade,,2026-03-09 10:56:11.269282,2026-03-09 10:56:11.269282
12,92193a1d-52d5-4c20-ba07-0ecea6e0245b,Regular N Cream Lemonade,,2026-03-09 10:56:11.286245,2026-03-09 10:56:11.286245
13,92193a1d-52d5-4c20-ba07-0ecea6e0245b,Lemon Limeade N Cream,,2026-03-09 10:56:11.303141,2026-03-09 10:56:11.303141
14,92193a1d-52d5-4c20-ba07-0ecea6e0245b,Blue Raspberry Lemonade,,2026-03-09 10:56:11.321969,2026-03-09 10:56:11.321969
15,92193a1d-52d5-4c20-ba07-0ecea6e0245b,Sugar Free Coconut Lemonade,,2026-03-09 10:56:11.33878,2026-03-09 10:56:11.33878
16,92193a1d-52d5-4c20-ba07-0ecea6e0245b,Blue Raspberry Limeade,,2026-03-09 10:56:11.352446,2026-03-09 10:56:11.352446
17,92193a1d-52d5-4c20-ba07-0ecea6e0245b,Sugar Free Coconut Limeade,,2026-03-09 10:56:11.3649,2026-03-09 10:56:11.3649
18,92193a1d-52d5-4c20-ba07-0ecea6e0245b,Blue Raspberry Lemon Limeade,,2026-03-09 10:56:11.378493,2026-03-09 10:56:11.378493
19,92193a1d-52d5-4c20-ba07-0ecea6e0245b,Sugar Free Coconut Lemon Limeade,,2026-03-09 10:56:11.393805,2026-03-09 10:56:11.393805
20,92193a1d-52d5-4c20-ba07-0ecea6e0245b,Blue Raspberry Brazilian Lemonade,,2026-03-09 10:56:11.407791,2026-03-09 10:56:11.407791
21,92193a1d-52d5-4c20-ba07-0ecea6e0245b,Blue Raspberry Arnold Palmer,,2026-03-09 10:56:11.423096,2026-03-09 10:56:11.423096
22,92193a1d-52d5-4c20-ba07-0ecea6e0245b,Sugar Free Coconut Arnold Palmer,,2026-03-09 10:56:11.439486,2026-03-09 10:56:11.439486
23,92193a1d-52d5-4c20-ba07-0ecea6e0245b,Princess Peach,,2026-03-09 10:56:11.455045,2026-03-09 10:56:11.455045
24,92193a1d-52d5-4c20-ba07-0ecea6e0245b,Blue Raspberry N Cream Limeade,,2026-03-09 10:56:11.470696,2026-03-09 10:56:11.470696
25,92193a1d-52d5-4c20-ba07-0ecea6e0245b,Blue Raspberry N Cream Lemonade,,2026-03-09 10:56:11.486439,2026-03-09 10:56:11.486439
26,92193a1d-52d5-4c20-ba07-0ecea6e0245b,Blue Raspberry N Cream Lemon Limeade,,2026-03-09 10:56:11.500851,2026-03-09 10:56:11.500851
27,92193a1d-52d5-4c20-ba07-0ecea6e0245b,Candied Orange Lemonade,,2026-03-09 10:56:11.516876,2026-03-09 10:56:11.516876
28,92193a1d-52d5-4c20-ba07-0ecea6e0245b,Sugar Free Peach Lemonade,,2026-03-09 10:56:11.528913,2026-03-09 10:56:11.528913
29,92193a1d-52d5-4c20-ba07-0ecea6e0245b,Candied Orange Limeade,,2026-03-09 10:56:11.541645,2026-03-09 10:56:11.541645
30,92193a1d-52d5-4c20-ba07-0ecea6e0245b,Sugar Free Peach Limeade,,2026-03-09 10:56:11.554268,2026-03-09 10:56:11.554268
31,92193a1d-52d5-4c20-ba07-0ecea6e0245b,Candied Orange Lemon Limeade,,2026-03-09 10:56:11.566541,2026-03-09 10:56:11.566541
32,92193a1d-52d5-4c20-ba07-0ecea6e0245b,Sugar Free Peach Lemon Limeade,,2026-03-09 10:56:11.582441,2026-03-09 10:56:11.582441
33,92193a1d-52d5-4c20-ba07-0ecea6e0245b,Candied Orange Brazilian Lemonade,,2026-03-09 10:56:11.598194,2026-03-09 10:56:11.598194
34,92193a1d-52d5-4c20-ba07-0ecea6e0245b,Candied Orange Arnold Palmer,,2026-03-09 10:56:11.61256,2026-03-09 10:56:11.61256
35,92193a1d-52d5-4c20-ba07-0ecea6e0245b,Sugar Free Peach Arnold Palmer,,2026-03-09 10:56:11.627085,2026-03-09 10:56:11.627085
36,92193a1d-52d5-4c20-ba07-0ecea6e0245b,Sugar Free Princess Peach,,2026-03-09 10:56:11.643071,2026-03-09 10:56:11.643071
37,92193a1d-52d5-4c20-ba07-0ecea6e0245b,Coconut N Cream Limeade,,2026-03-09 10:56:11.659713,2026-03-09 10:56:11.659713
38,92193a1d-52d5-4c20-ba07-0ecea6e0245b,Coconut N Cream Lemonade,,2026-03-09 10:56:11.676737,2026-03-09 10:56:11.676737
39,92193a1d-52d5-4c20-ba07-0ecea6e0245b,Coconut N Cream Lemon Limeade,,2026-03-09 10:56:11.69221,2026-03-09 10:56:11.69221
40,92193a1d-52d5-4c20-ba07-0ecea6e0245b,Coconut Lemonade,,2026-03-09 10:56:11.710132,2026-03-09 10:56:11.710132
41,92193a1d-52d5-4c20-ba07-0ecea6e0245b,Sugar Free Raspberry Lemonade,,2026-03-09 10:56:11.723614,2026-03-09 10:56:11.723614
42,92193a1d-52d5-4c20-ba07-0ecea6e0245b,Coconut Limeade,,2026-03-09 10:56:11.737008,2026-03-09 10:56:11.737008
43,92193a1d-52d5-4c20-ba07-0ecea6e0245b,Sugar Free Raspberry Limeade,,2026-03-09 10:56:11.748181,2026-03-09 10:56:11.748181
44,92193a1d-52d5-4c20-ba07-0ecea6e0245b,Coconut Lemon Limeade,,2026-03-09 10:56:11.758322,2026-03-09 10:56:11.758322
45,92193a1d-52d5-4c20-ba07-0ecea6e0245b,Sugar Free Raspberry Lemon Limeade,,2026-03-09 10:56:11.769392,2026-03-09 10:56:11.769392
46,92193a1d-52d5-4c20-ba07-0ecea6e0245b,Coconut Brazilian Lemonade,,2026-03-09 10:56:11.781584,2026-03-09 10:56:11.781584
47,92193a1d-52d5-4c20-ba07-0ecea6e0245b,Coconut Arnold Palmer,,2026-03-09 10:56:11.792943,2026-03-09 10:56:11.792943
48,92193a1d-52d5-4c20-ba07-0ecea6e0245b,Sugar Free Raspberry Arnold Palmer,,2026-03-09 10:56:11.803637,2026-03-09 10:56:11.803637
49,92193a1d-52d5-4c20-ba07-0ecea6e0245b,Sweet Dream,,2026-03-09 10:56:11.816925,2026-03-09 10:56:11.816925
50,92193a1d-52d5-4c20-ba07-0ecea6e0245b,Cucumber N Cream Limeade,,2026-03-09 10:56:11.831193,2026-03-09 10:56:11.831193
51,92193a1d-52d5-4c20-ba07-0ecea6e0245b,Cucumber N Cream Lemonade,,2026-03-09 10:56:11.844035,2026-03-09 10:56:11.844035
52,92193a1d-52d5-4c20-ba07-0ecea6e0245b,Cucumber N Cream Lemon Limeade,,2026-03-09 10:56:11.859834,2026-03-09 10:56:11.859834
53,92193a1d-52d5-4c20-ba07-0ecea6e0245b,Cucumber Lemonade,,2026-03-09 10:56:11.8716,2026-03-09 10:56:11.8716
54,92193a1d-52d5-4c20-ba07-0ecea6e0245b,Sugar Free Strawberry Lemonade,,2026-03-09 10:56:11.881809,2026-03-09 10:56:11.881809
55,92193a1d-52d5-4c20-ba07-0ecea6e0245b,Cucumber Limeade,,2026-03-09 10:56:11.893164,2026-03-09 10:56:11.893164
56,92193a1d-52d5-4c20-ba07-0ecea6e0245b,Sugar Free Strawberry Limeade,,2026-03-09 10:56:11.903809,2026-03-09 10:56:11.903809
57,92193a1d-52d5-4c20-ba07-0ecea6e0245b,Cucumber Lemon Limeade,,2026-03-09 10:56:11.913443,2026-03-09 10:56:11.913443
58,92193a1d-52d5-4c20-ba07-0ecea6e0245b,Sugar Free Strawberry Lemon Limeade,,2026-03-09 10:56:11.922051,2026-03-09 10:56:11.922051
59,92193a1d-52d5-4c20-ba07-0ecea6e0245b,Cucumber Brazilian Lemonade,,2026-03-09 10:56:11.931351,2026-03-09 10:56:11.931351
60,92193a1d-52d5-4c20-ba07-0ecea6e0245b,Cucumber Arnold Palmer,,2026-03-09 10:56:11.941948,2026-03-09 10:56:11.941948
61,92193a1d-52d5-4c20-ba07-0ecea6e0245b,Sugar Free Strawberry Arnold Palmer,,2026-03-09 10:56:11.950782,2026-03-09 10:56:11.950782
62,92193a1d-52d5-4c20-ba07-0ecea6e0245b,Orange Cream,,2026-03-09 10:56:11.961225,2026-03-09 10:56:11.961225
63,92193a1d-52d5-4c20-ba07-0ecea6e0245b,Lavender N Cream Limeade,,2026-03-09 10:56:11.9704,2026-03-09 10:56:11.9704
64,92193a1d-52d5-4c20-ba07-0ecea6e0245b,Lavender N Cream Lemonade,,2026-03-09 10:56:11.980592,2026-03-09 10:56:11.980592
65,92193a1d-52d5-4c20-ba07-0ecea6e0245b,Lavender N Cream Lemon Limeade,,2026-03-09 10:56:11.990395,2026-03-09 10:56:11.990395
66,92193a1d-52d5-4c20-ba07-0ecea6e0245b,Lavender Lemonade,,2026-03-09 10:56:12.000635,2026-03-09 10:56:12.000635
67,92193a1d-52d5-4c20-ba07-0ecea6e0245b,Sugar Free Cherry Lemonade,,2026-03-09 10:56:12.009507,2026-03-09 10:56:12.009507
68,92193a1d-52d5-4c20-ba07-0ecea6e0245b,Lavender Limeade,,2026-03-09 10:56:12.017351,2026-03-09 10:56:12.017351
69,92193a1d-52d5-4c20-ba07-0ecea6e0245b,Sugar Free Cherry Limeade,,2026-03-09 10:56:12.026067,2026-03-09 10:56:12.026067
70,92193a1d-52d5-4c20-ba07-0ecea6e0245b,Lavender Lemon Limeade,,2026-03-09 10:56:12.033585,2026-03-09 10:56:12.033585
71,92193a1d-52d5-4c20-ba07-0ecea6e0245b,Sugar Free Cherry Lemon Limeade,,2026-03-09 10:56:12.042588,2026-03-09 10:56:12.042588
4,92193a1d-52d5-4c20-ba07-0ecea6e0245b,Sugar Free Limeade,Limeade (SF),2026-03-09 10:56:11.162948,2026-03-09 16:22:32.414886
7,92193a1d-52d5-4c20-ba07-0ecea6e0245b,Brazilian Lemonade,Brazilian Limeade,2026-03-09 10:56:11.210724,2026-03-09 16:23:23.054789
72,92193a1d-52d5-4c20-ba07-0ecea6e0245b,Lavender Brazilian Lemonade,,2026-03-09 10:56:12.050503,2026-03-09 10:56:12.050503
73,92193a1d-52d5-4c20-ba07-0ecea6e0245b,Lavender Arnold Palmer,,2026-03-09 10:56:12.061642,2026-03-09 10:56:12.061642
74,92193a1d-52d5-4c20-ba07-0ecea6e0245b,Sugar Free Cherry Arnold Palmer,,2026-03-09 10:56:12.071454,2026-03-09 10:56:12.071454
76,92193a1d-52d5-4c20-ba07-0ecea6e0245b,Peach N Cream Limeade,,2026-03-09 10:56:12.090685,2026-03-09 10:56:12.090685
77,92193a1d-52d5-4c20-ba07-0ecea6e0245b,Peach N Cream Lemonade,,2026-03-09 10:56:12.101807,2026-03-09 10:56:12.101807
78,92193a1d-52d5-4c20-ba07-0ecea6e0245b,Peach N Cream Lemon Limeade,,2026-03-09 10:56:12.112408,2026-03-09 10:56:12.112408
79,92193a1d-52d5-4c20-ba07-0ecea6e0245b,Peach Lemonade,,2026-03-09 10:56:12.123529,2026-03-09 10:56:12.123529
80,92193a1d-52d5-4c20-ba07-0ecea6e0245b,Peach Limeade,,2026-03-09 10:56:12.132559,2026-03-09 10:56:12.132559
81,92193a1d-52d5-4c20-ba07-0ecea6e0245b,Peach Lemon Limeade,,2026-03-09 10:56:12.142146,2026-03-09 10:56:12.142146
82,92193a1d-52d5-4c20-ba07-0ecea6e0245b,Peach Brazilian Lemonade,,2026-03-09 10:56:12.151811,2026-03-09 10:56:12.151811
83,92193a1d-52d5-4c20-ba07-0ecea6e0245b,Peach Arnold Palmer,,2026-03-09 10:56:12.161437,2026-03-09 10:56:12.161437
84,92193a1d-52d5-4c20-ba07-0ecea6e0245b,Miami Vice,,2026-03-09 10:56:12.173409,2026-03-09 10:56:12.173409
85,92193a1d-52d5-4c20-ba07-0ecea6e0245b,Pineapple N Cream Limeade,,2026-03-09 10:56:12.185666,2026-03-09 10:56:12.185666
86,92193a1d-52d5-4c20-ba07-0ecea6e0245b,Pineapple N Cream Lemonade,,2026-03-09 10:56:12.197653,2026-03-09 10:56:12.197653
87,92193a1d-52d5-4c20-ba07-0ecea6e0245b,Pineapple N Cream Lemon Limeade,,2026-03-09 10:56:12.209729,2026-03-09 10:56:12.209729
88,92193a1d-52d5-4c20-ba07-0ecea6e0245b,Pineapple Lemonade,,2026-03-09 10:56:12.220126,2026-03-09 10:56:12.220126
89,92193a1d-52d5-4c20-ba07-0ecea6e0245b,Pineapple Limeade,,2026-03-09 10:56:12.228462,2026-03-09 10:56:12.228462
90,92193a1d-52d5-4c20-ba07-0ecea6e0245b,Pineapple Lemon Limeade,,2026-03-09 10:56:12.236106,2026-03-09 10:56:12.236106
91,92193a1d-52d5-4c20-ba07-0ecea6e0245b,Pineapple Brazilian Lemonade,,2026-03-09 10:56:12.244672,2026-03-09 10:56:12.244672
92,92193a1d-52d5-4c20-ba07-0ecea6e0245b,Pineapple Arnold Palmer,,2026-03-09 10:56:12.253191,2026-03-09 10:56:12.253191
93,92193a1d-52d5-4c20-ba07-0ecea6e0245b,Hawaii Blue,,2026-03-09 10:56:12.261437,2026-03-09 10:56:12.261437
94,92193a1d-52d5-4c20-ba07-0ecea6e0245b,Raspberry N Cream Limeade,,2026-03-09 10:56:12.270373,2026-03-09 10:56:12.270373
95,92193a1d-52d5-4c20-ba07-0ecea6e0245b,Raspberry N Cream Lemonade,,2026-03-09 10:56:12.279509,2026-03-09 10:56:12.279509
96,92193a1d-52d5-4c20-ba07-0ecea6e0245b,Raspberry N Cream Lemon Limeade,,2026-03-09 10:56:12.287553,2026-03-09 10:56:12.287553
97,92193a1d-52d5-4c20-ba07-0ecea6e0245b,Raspberry Lemonade,,2026-03-09 10:56:12.299037,2026-03-09 10:56:12.299037
98,92193a1d-52d5-4c20-ba07-0ecea6e0245b,Raspberry Limeade,,2026-03-09 10:56:12.307528,2026-03-09 10:56:12.307528
99,92193a1d-52d5-4c20-ba07-0ecea6e0245b,Raspberry Lemon Limeade,,2026-03-09 10:56:12.315382,2026-03-09 10:56:12.315382
100,92193a1d-52d5-4c20-ba07-0ecea6e0245b,Raspberry Brazilian Lemonade,,2026-03-09 10:56:12.324295,2026-03-09 10:56:12.324295
101,92193a1d-52d5-4c20-ba07-0ecea6e0245b,Raspberry Arnold Palmer,,2026-03-09 10:56:12.332303,2026-03-09 10:56:12.332303
102,92193a1d-52d5-4c20-ba07-0ecea6e0245b,Strawberry N Cream Limeade,,2026-03-09 10:56:12.340922,2026-03-09 10:56:12.340922
103,92193a1d-52d5-4c20-ba07-0ecea6e0245b,Strawberry N Cream Lemonade,,2026-03-09 10:56:12.350002,2026-03-09 10:56:12.350002
104,92193a1d-52d5-4c20-ba07-0ecea6e0245b,Strawberry N Cream Lemon Limeade,,2026-03-09 10:56:12.358852,2026-03-09 10:56:12.358852
106,92193a1d-52d5-4c20-ba07-0ecea6e0245b,Strawberry Limeade,,2026-03-09 10:56:12.377337,2026-03-09 10:56:12.377337
107,92193a1d-52d5-4c20-ba07-0ecea6e0245b,Strawberry Lemon Limeade,,2026-03-09 10:56:12.384796,2026-03-09 10:56:12.384796
108,92193a1d-52d5-4c20-ba07-0ecea6e0245b,Strawberry Brazilian Lemonade,,2026-03-09 10:56:12.392579,2026-03-09 10:56:12.392579
109,92193a1d-52d5-4c20-ba07-0ecea6e0245b,Strawberry Arnold Palmer,,2026-03-09 10:56:12.400476,2026-03-09 10:56:12.400476
110,92193a1d-52d5-4c20-ba07-0ecea6e0245b,Watermelon N Cream Limeade,,2026-03-09 10:56:12.408969,2026-03-09 10:56:12.408969
111,92193a1d-52d5-4c20-ba07-0ecea6e0245b,Watermelon N Cream Lemonade,,2026-03-09 10:56:12.419059,2026-03-09 10:56:12.419059
112,92193a1d-52d5-4c20-ba07-0ecea6e0245b,Watermelon N Cream Lemon Limeade,,2026-03-09 10:56:12.428431,2026-03-09 10:56:12.428431
113,92193a1d-52d5-4c20-ba07-0ecea6e0245b,Watermelon Lemonade,,2026-03-09 10:56:12.438221,2026-03-09 10:56:12.438221
114,92193a1d-52d5-4c20-ba07-0ecea6e0245b,Watermelon Limeade,,2026-03-09 10:56:12.445983,2026-03-09 10:56:12.445983
115,92193a1d-52d5-4c20-ba07-0ecea6e0245b,Watermelon Lemon Limeade,,2026-03-09 10:56:12.452933,2026-03-09 10:56:12.452933
116,92193a1d-52d5-4c20-ba07-0ecea6e0245b,Watermelon Brazilian Lemonade,,2026-03-09 10:56:12.461262,2026-03-09 10:56:12.461262
117,92193a1d-52d5-4c20-ba07-0ecea6e0245b,Watermelon Arnold Palmer,,2026-03-09 10:56:12.469983,2026-03-09 10:56:12.469983
118,92193a1d-52d5-4c20-ba07-0ecea6e0245b,French Vanilla N Cream Limeade,,2026-03-09 10:56:12.47893,2026-03-09 10:56:12.47893
119,92193a1d-52d5-4c20-ba07-0ecea6e0245b,French Vanilla N Cream Lemonade,,2026-03-09 10:56:12.48608,2026-03-09 10:56:12.48608
120,92193a1d-52d5-4c20-ba07-0ecea6e0245b,French Vanilla N Cream Lemon Limeade,,2026-03-09 10:56:12.49408,2026-03-09 10:56:12.49408
121,92193a1d-52d5-4c20-ba07-0ecea6e0245b,French Vanilla Lemonade,,2026-03-09 10:56:12.502025,2026-03-09 10:56:12.502025
122,92193a1d-52d5-4c20-ba07-0ecea6e0245b,French Vanilla Limeade,,2026-03-09 10:56:12.510806,2026-03-09 10:56:12.510806
123,92193a1d-52d5-4c20-ba07-0ecea6e0245b,French Vanilla Lemon Limeade,,2026-03-09 10:56:12.519363,2026-03-09 10:56:12.519363
124,92193a1d-52d5-4c20-ba07-0ecea6e0245b,French Vanilla Brazilian Lemonade,,2026-03-09 10:56:12.529249,2026-03-09 10:56:12.529249
125,92193a1d-52d5-4c20-ba07-0ecea6e0245b,French Vanilla Arnold Palmer,,2026-03-09 10:56:12.537761,2026-03-09 10:56:12.537761
126,92193a1d-52d5-4c20-ba07-0ecea6e0245b,Cherry N Cream Limeade,,2026-03-09 10:56:12.547659,2026-03-09 10:56:12.547659
127,92193a1d-52d5-4c20-ba07-0ecea6e0245b,Cherry N Cream Lemonade,,2026-03-09 10:56:12.557801,2026-03-09 10:56:12.557801
128,92193a1d-52d5-4c20-ba07-0ecea6e0245b,Cherry N Cream Lemon Limeade,,2026-03-09 10:56:12.568143,2026-03-09 10:56:12.568143
129,92193a1d-52d5-4c20-ba07-0ecea6e0245b,Cherry Lemonade,,2026-03-09 10:56:12.579326,2026-03-09 10:56:12.579326
130,92193a1d-52d5-4c20-ba07-0ecea6e0245b,Cherry Limeade,,2026-03-09 10:56:12.589316,2026-03-09 10:56:12.589316
131,92193a1d-52d5-4c20-ba07-0ecea6e0245b,Cherry Lemon Limeade,,2026-03-09 10:56:12.598481,2026-03-09 10:56:12.598481
132,92193a1d-52d5-4c20-ba07-0ecea6e0245b,Cherry Brazilian Lemonade,,2026-03-09 10:56:12.609318,2026-03-09 10:56:12.609318
133,92193a1d-52d5-4c20-ba07-0ecea6e0245b,Cherry Arnold Palmer,,2026-03-09 10:56:12.619124,2026-03-09 10:56:12.619124
2,92193a1d-52d5-4c20-ba07-0ecea6e0245b,Sugar Free Lemonade,Lemonade (SF),2026-03-09 10:56:11.132615,2026-03-09 16:21:33.001653
75,92193a1d-52d5-4c20-ba07-0ecea6e0245b,Pina Colada,Pina Coloda,2026-03-09 10:56:12.08149,2026-03-09 16:22:54.480839
134,92193a1d-52d5-4c20-ba07-0ecea6e0245b,Flavor Add On,,2026-03-09 16:47:31.688753,2026-03-09 16:47:31.688753
135,92193a1d-52d5-4c20-ba07-0ecea6e0245b,Water,,2026-03-12 21:47:11.332371,2026-03-12 21:47:11.332371
136,19acd8db-caf6-49b5-a392-919c5e3c9cdb,Regular Lemonade,,2026-03-17 15:22:21.252588,2026-03-17 15:22:21.252588
138,19acd8db-caf6-49b5-a392-919c5e3c9cdb,Regular Limeade,,2026-03-17 15:22:21.278126,2026-03-17 15:22:21.278126
140,19acd8db-caf6-49b5-a392-919c5e3c9cdb,Regular Lemon Limeade,,2026-03-17 15:22:21.290807,2026-03-17 15:22:21.290807
141,19acd8db-caf6-49b5-a392-919c5e3c9cdb,Sugar Free Lemon Limeade,,2026-03-17 15:22:21.296696,2026-03-17 15:22:21.296696
142,19acd8db-caf6-49b5-a392-919c5e3c9cdb,Brazilian Lemonade,Brazilian Limeade,2026-03-17 15:22:21.304247,2026-03-17 15:25:16.087339
137,19acd8db-caf6-49b5-a392-919c5e3c9cdb,Sugar Free Lemonade,Lemonade (SF),2026-03-17 15:22:21.266832,2026-03-17 15:25:29.384044
143,19acd8db-caf6-49b5-a392-919c5e3c9cdb,Arnold Palmer,,2026-03-17 15:22:21.310404,2026-03-17 15:22:21.310404
144,19acd8db-caf6-49b5-a392-919c5e3c9cdb,Sugar Free Arnold Palmer,,2026-03-17 15:22:21.315513,2026-03-17 15:22:21.315513
145,19acd8db-caf6-49b5-a392-919c5e3c9cdb,Blue Lagoon,,2026-03-17 15:22:21.322402,2026-03-17 15:22:21.322402
147,19acd8db-caf6-49b5-a392-919c5e3c9cdb,Regular N Cream Lemonade,,2026-03-17 15:22:21.336151,2026-03-17 15:22:21.336151
148,19acd8db-caf6-49b5-a392-919c5e3c9cdb,Lemon Limeade N Cream,,2026-03-17 15:22:21.344396,2026-03-17 15:22:21.344396
149,19acd8db-caf6-49b5-a392-919c5e3c9cdb,Blue Raspberry Lemonade,,2026-03-17 15:22:21.350897,2026-03-17 15:22:21.350897
150,19acd8db-caf6-49b5-a392-919c5e3c9cdb,Sugar Free Coconut Lemonade,,2026-03-17 15:22:21.357256,2026-03-17 15:22:21.357256
151,19acd8db-caf6-49b5-a392-919c5e3c9cdb,Blue Raspberry Limeade,,2026-03-17 15:22:21.361794,2026-03-17 15:22:21.361794
152,19acd8db-caf6-49b5-a392-919c5e3c9cdb,Sugar Free Coconut Limeade,,2026-03-17 15:22:21.366841,2026-03-17 15:22:21.366841
153,19acd8db-caf6-49b5-a392-919c5e3c9cdb,Blue Raspberry Lemon Limeade,,2026-03-17 15:22:21.373695,2026-03-17 15:22:21.373695
154,19acd8db-caf6-49b5-a392-919c5e3c9cdb,Sugar Free Coconut Lemon Limeade,,2026-03-17 15:22:21.378308,2026-03-17 15:22:21.378308
155,19acd8db-caf6-49b5-a392-919c5e3c9cdb,Blue Raspberry Brazilian Lemonade,,2026-03-17 15:22:21.385401,2026-03-17 15:22:21.385401
156,19acd8db-caf6-49b5-a392-919c5e3c9cdb,Blue Raspberry Arnold Palmer,,2026-03-17 15:22:21.392912,2026-03-17 15:22:21.392912
157,19acd8db-caf6-49b5-a392-919c5e3c9cdb,Sugar Free Coconut Arnold Palmer,,2026-03-17 15:22:21.399951,2026-03-17 15:22:21.399951
158,19acd8db-caf6-49b5-a392-919c5e3c9cdb,Princess Peach,,2026-03-17 15:22:21.406022,2026-03-17 15:22:21.406022
159,19acd8db-caf6-49b5-a392-919c5e3c9cdb,Blue Raspberry N Cream Limeade,,2026-03-17 15:22:21.412214,2026-03-17 15:22:21.412214
160,19acd8db-caf6-49b5-a392-919c5e3c9cdb,Blue Raspberry N Cream Lemonade,,2026-03-17 15:22:21.420328,2026-03-17 15:22:21.420328
161,19acd8db-caf6-49b5-a392-919c5e3c9cdb,Blue Raspberry N Cream Lemon Limeade,,2026-03-17 15:22:21.427793,2026-03-17 15:22:21.427793
162,19acd8db-caf6-49b5-a392-919c5e3c9cdb,Candied Orange Lemonade,,2026-03-17 15:22:21.434528,2026-03-17 15:22:21.434528
163,19acd8db-caf6-49b5-a392-919c5e3c9cdb,Sugar Free Peach Lemonade,,2026-03-17 15:22:21.438878,2026-03-17 15:22:21.438878
164,19acd8db-caf6-49b5-a392-919c5e3c9cdb,Candied Orange Limeade,,2026-03-17 15:22:21.446123,2026-03-17 15:22:21.446123
165,19acd8db-caf6-49b5-a392-919c5e3c9cdb,Sugar Free Peach Limeade,,2026-03-17 15:22:21.452661,2026-03-17 15:22:21.452661
166,19acd8db-caf6-49b5-a392-919c5e3c9cdb,Candied Orange Lemon Limeade,,2026-03-17 15:22:21.457859,2026-03-17 15:22:21.457859
167,19acd8db-caf6-49b5-a392-919c5e3c9cdb,Sugar Free Peach Lemon Limeade,,2026-03-17 15:22:21.463549,2026-03-17 15:22:21.463549
168,19acd8db-caf6-49b5-a392-919c5e3c9cdb,Candied Orange Brazilian Lemonade,,2026-03-17 15:22:21.468584,2026-03-17 15:22:21.468584
169,19acd8db-caf6-49b5-a392-919c5e3c9cdb,Candied Orange Arnold Palmer,,2026-03-17 15:22:21.476479,2026-03-17 15:22:21.476479
170,19acd8db-caf6-49b5-a392-919c5e3c9cdb,Sugar Free Peach Arnold Palmer,,2026-03-17 15:22:21.48411,2026-03-17 15:22:21.48411
171,19acd8db-caf6-49b5-a392-919c5e3c9cdb,Sugar Free Princess Peach,,2026-03-17 15:22:21.491246,2026-03-17 15:22:21.491246
172,19acd8db-caf6-49b5-a392-919c5e3c9cdb,Coconut N Cream Limeade,,2026-03-17 15:22:21.497985,2026-03-17 15:22:21.497985
173,19acd8db-caf6-49b5-a392-919c5e3c9cdb,Coconut N Cream Lemonade,,2026-03-17 15:22:21.505202,2026-03-17 15:22:21.505202
174,19acd8db-caf6-49b5-a392-919c5e3c9cdb,Coconut N Cream Lemon Limeade,,2026-03-17 15:22:21.515603,2026-03-17 15:22:21.515603
175,19acd8db-caf6-49b5-a392-919c5e3c9cdb,Coconut Lemonade,,2026-03-17 15:22:21.52609,2026-03-17 15:22:21.52609
176,19acd8db-caf6-49b5-a392-919c5e3c9cdb,Sugar Free Raspberry Lemonade,,2026-03-17 15:22:21.533934,2026-03-17 15:22:21.533934
177,19acd8db-caf6-49b5-a392-919c5e3c9cdb,Coconut Limeade,,2026-03-17 15:22:21.541224,2026-03-17 15:22:21.541224
178,19acd8db-caf6-49b5-a392-919c5e3c9cdb,Sugar Free Raspberry Limeade,,2026-03-17 15:22:21.546553,2026-03-17 15:22:21.546553
179,19acd8db-caf6-49b5-a392-919c5e3c9cdb,Coconut Lemon Limeade,,2026-03-17 15:22:21.553467,2026-03-17 15:22:21.553467
180,19acd8db-caf6-49b5-a392-919c5e3c9cdb,Sugar Free Raspberry Lemon Limeade,,2026-03-17 15:22:21.565565,2026-03-17 15:22:21.565565
181,19acd8db-caf6-49b5-a392-919c5e3c9cdb,Coconut Brazilian Lemonade,,2026-03-17 15:22:21.576431,2026-03-17 15:22:21.576431
182,19acd8db-caf6-49b5-a392-919c5e3c9cdb,Coconut Arnold Palmer,,2026-03-17 15:22:21.584654,2026-03-17 15:22:21.584654
183,19acd8db-caf6-49b5-a392-919c5e3c9cdb,Sugar Free Raspberry Arnold Palmer,,2026-03-17 15:22:21.594343,2026-03-17 15:22:21.594343
184,19acd8db-caf6-49b5-a392-919c5e3c9cdb,Sweet Dream,,2026-03-17 15:22:21.60239,2026-03-17 15:22:21.60239
185,19acd8db-caf6-49b5-a392-919c5e3c9cdb,Cucumber N Cream Limeade,,2026-03-17 15:22:21.610623,2026-03-17 15:22:21.610623
186,19acd8db-caf6-49b5-a392-919c5e3c9cdb,Cucumber N Cream Lemonade,,2026-03-17 15:22:21.619055,2026-03-17 15:22:21.619055
187,19acd8db-caf6-49b5-a392-919c5e3c9cdb,Cucumber N Cream Lemon Limeade,,2026-03-17 15:22:21.627612,2026-03-17 15:22:21.627612
188,19acd8db-caf6-49b5-a392-919c5e3c9cdb,Cucumber Lemonade,,2026-03-17 15:22:21.638078,2026-03-17 15:22:21.638078
189,19acd8db-caf6-49b5-a392-919c5e3c9cdb,Sugar Free Strawberry Lemonade,,2026-03-17 15:22:21.643167,2026-03-17 15:22:21.643167
190,19acd8db-caf6-49b5-a392-919c5e3c9cdb,Cucumber Limeade,,2026-03-17 15:22:21.64771,2026-03-17 15:22:21.64771
191,19acd8db-caf6-49b5-a392-919c5e3c9cdb,Sugar Free Strawberry Limeade,,2026-03-17 15:22:21.652385,2026-03-17 15:22:21.652385
192,19acd8db-caf6-49b5-a392-919c5e3c9cdb,Cucumber Lemon Limeade,,2026-03-17 15:22:21.657189,2026-03-17 15:22:21.657189
193,19acd8db-caf6-49b5-a392-919c5e3c9cdb,Sugar Free Strawberry Lemon Limeade,,2026-03-17 15:22:21.662546,2026-03-17 15:22:21.662546
194,19acd8db-caf6-49b5-a392-919c5e3c9cdb,Cucumber Brazilian Lemonade,,2026-03-17 15:22:21.668528,2026-03-17 15:22:21.668528
195,19acd8db-caf6-49b5-a392-919c5e3c9cdb,Cucumber Arnold Palmer,,2026-03-17 15:22:21.67635,2026-03-17 15:22:21.67635
196,19acd8db-caf6-49b5-a392-919c5e3c9cdb,Sugar Free Strawberry Arnold Palmer,,2026-03-17 15:22:21.682509,2026-03-17 15:22:21.682509
197,19acd8db-caf6-49b5-a392-919c5e3c9cdb,Orange Cream,,2026-03-17 15:22:21.690807,2026-03-17 15:22:21.690807
198,19acd8db-caf6-49b5-a392-919c5e3c9cdb,Lavender N Cream Limeade,,2026-03-17 15:22:21.695291,2026-03-17 15:22:21.695291
199,19acd8db-caf6-49b5-a392-919c5e3c9cdb,Lavender N Cream Lemonade,,2026-03-17 15:22:21.704887,2026-03-17 15:22:21.704887
200,19acd8db-caf6-49b5-a392-919c5e3c9cdb,Lavender N Cream Lemon Limeade,,2026-03-17 15:22:21.713713,2026-03-17 15:22:21.713713
201,19acd8db-caf6-49b5-a392-919c5e3c9cdb,Lavender Lemonade,,2026-03-17 15:22:21.722441,2026-03-17 15:22:21.722441
202,19acd8db-caf6-49b5-a392-919c5e3c9cdb,Sugar Free Cherry Lemonade,,2026-03-17 15:22:21.730233,2026-03-17 15:22:21.730233
203,19acd8db-caf6-49b5-a392-919c5e3c9cdb,Lavender Limeade,,2026-03-17 15:22:21.737459,2026-03-17 15:22:21.737459
204,19acd8db-caf6-49b5-a392-919c5e3c9cdb,Sugar Free Cherry Limeade,,2026-03-17 15:22:21.746236,2026-03-17 15:22:21.746236
205,19acd8db-caf6-49b5-a392-919c5e3c9cdb,Lavender Lemon Limeade,,2026-03-17 15:22:21.754507,2026-03-17 15:22:21.754507
206,19acd8db-caf6-49b5-a392-919c5e3c9cdb,Sugar Free Cherry Lemon Limeade,,2026-03-17 15:22:21.765076,2026-03-17 15:22:21.765076
207,19acd8db-caf6-49b5-a392-919c5e3c9cdb,Lavender Brazilian Lemonade,,2026-03-17 15:22:21.775193,2026-03-17 15:22:21.775193
208,19acd8db-caf6-49b5-a392-919c5e3c9cdb,Lavender Arnold Palmer,,2026-03-17 15:22:21.785807,2026-03-17 15:22:21.785807
209,19acd8db-caf6-49b5-a392-919c5e3c9cdb,Sugar Free Cherry Arnold Palmer,,2026-03-17 15:22:21.796632,2026-03-17 15:22:21.796632
211,19acd8db-caf6-49b5-a392-919c5e3c9cdb,Peach N Cream Limeade,,2026-03-17 15:22:21.812287,2026-03-17 15:22:21.812287
212,19acd8db-caf6-49b5-a392-919c5e3c9cdb,Peach N Cream Lemonade,,2026-03-17 15:22:21.820535,2026-03-17 15:22:21.820535
213,19acd8db-caf6-49b5-a392-919c5e3c9cdb,Peach N Cream Lemon Limeade,,2026-03-17 15:22:21.831548,2026-03-17 15:22:21.831548
146,19acd8db-caf6-49b5-a392-919c5e3c9cdb,Regular N Cream Limeade,Lime N Cream,2026-03-17 15:22:21.329301,2026-04-02 22:58:30.054569
214,19acd8db-caf6-49b5-a392-919c5e3c9cdb,Peach Lemonade,,2026-03-17 15:22:21.844399,2026-03-17 15:22:21.844399
215,19acd8db-caf6-49b5-a392-919c5e3c9cdb,Peach Limeade,,2026-03-17 15:22:21.852931,2026-03-17 15:22:21.852931
216,19acd8db-caf6-49b5-a392-919c5e3c9cdb,Peach Lemon Limeade,,2026-03-17 15:22:21.861739,2026-03-17 15:22:21.861739
217,19acd8db-caf6-49b5-a392-919c5e3c9cdb,Peach Brazilian Lemonade,,2026-03-17 15:22:21.869687,2026-03-17 15:22:21.869687
218,19acd8db-caf6-49b5-a392-919c5e3c9cdb,Peach Arnold Palmer,,2026-03-17 15:22:21.879244,2026-03-17 15:22:21.879244
219,19acd8db-caf6-49b5-a392-919c5e3c9cdb,Miami Vice,,2026-03-17 15:22:21.887896,2026-03-17 15:22:21.887896
220,19acd8db-caf6-49b5-a392-919c5e3c9cdb,Pineapple N Cream Limeade,,2026-03-17 15:22:21.898737,2026-03-17 15:22:21.898737
221,19acd8db-caf6-49b5-a392-919c5e3c9cdb,Pineapple N Cream Lemonade,,2026-03-17 15:22:21.909062,2026-03-17 15:22:21.909062
222,19acd8db-caf6-49b5-a392-919c5e3c9cdb,Pineapple N Cream Lemon Limeade,,2026-03-17 15:22:21.916991,2026-03-17 15:22:21.916991
223,19acd8db-caf6-49b5-a392-919c5e3c9cdb,Pineapple Lemonade,,2026-03-17 15:22:21.929584,2026-03-17 15:22:21.929584
224,19acd8db-caf6-49b5-a392-919c5e3c9cdb,Pineapple Limeade,,2026-03-17 15:22:21.935318,2026-03-17 15:22:21.935318
225,19acd8db-caf6-49b5-a392-919c5e3c9cdb,Pineapple Lemon Limeade,,2026-03-17 15:22:21.940546,2026-03-17 15:22:21.940546
226,19acd8db-caf6-49b5-a392-919c5e3c9cdb,Pineapple Brazilian Lemonade,,2026-03-17 15:22:21.94479,2026-03-17 15:22:21.94479
227,19acd8db-caf6-49b5-a392-919c5e3c9cdb,Pineapple Arnold Palmer,,2026-03-17 15:22:21.949035,2026-03-17 15:22:21.949035
228,19acd8db-caf6-49b5-a392-919c5e3c9cdb,Hawaii Blue,,2026-03-17 15:22:21.955022,2026-03-17 15:22:21.955022
229,19acd8db-caf6-49b5-a392-919c5e3c9cdb,Raspberry N Cream Limeade,,2026-03-17 15:22:21.959949,2026-03-17 15:22:21.959949
230,19acd8db-caf6-49b5-a392-919c5e3c9cdb,Raspberry N Cream Lemonade,,2026-03-17 15:22:21.964084,2026-03-17 15:22:21.964084
231,19acd8db-caf6-49b5-a392-919c5e3c9cdb,Raspberry N Cream Lemon Limeade,,2026-03-17 15:22:21.970305,2026-03-17 15:22:21.970305
232,19acd8db-caf6-49b5-a392-919c5e3c9cdb,Raspberry Lemonade,,2026-03-17 15:22:21.976449,2026-03-17 15:22:21.976449
233,19acd8db-caf6-49b5-a392-919c5e3c9cdb,Raspberry Limeade,,2026-03-17 15:22:21.980054,2026-03-17 15:22:21.980054
234,19acd8db-caf6-49b5-a392-919c5e3c9cdb,Raspberry Lemon Limeade,,2026-03-17 15:22:21.985266,2026-03-17 15:22:21.985266
235,19acd8db-caf6-49b5-a392-919c5e3c9cdb,Raspberry Brazilian Lemonade,,2026-03-17 15:22:21.990986,2026-03-17 15:22:21.990986
236,19acd8db-caf6-49b5-a392-919c5e3c9cdb,Raspberry Arnold Palmer,,2026-03-17 15:22:21.994989,2026-03-17 15:22:21.994989
237,19acd8db-caf6-49b5-a392-919c5e3c9cdb,Strawberry N Cream Limeade,,2026-03-17 15:22:21.999191,2026-03-17 15:22:21.999191
238,19acd8db-caf6-49b5-a392-919c5e3c9cdb,Strawberry N Cream Lemonade,,2026-03-17 15:22:22.005238,2026-03-17 15:22:22.005238
239,19acd8db-caf6-49b5-a392-919c5e3c9cdb,Strawberry N Cream Lemon Limeade,,2026-03-17 15:22:22.0108,2026-03-17 15:22:22.0108
240,19acd8db-caf6-49b5-a392-919c5e3c9cdb,Strawberry Lemonade,,2026-03-17 15:22:22.017655,2026-03-17 15:22:22.017655
241,19acd8db-caf6-49b5-a392-919c5e3c9cdb,Strawberry Limeade,,2026-03-17 15:22:22.022471,2026-03-17 15:22:22.022471
242,19acd8db-caf6-49b5-a392-919c5e3c9cdb,Strawberry Lemon Limeade,,2026-03-17 15:22:22.026931,2026-03-17 15:22:22.026931
243,19acd8db-caf6-49b5-a392-919c5e3c9cdb,Strawberry Brazilian Lemonade,,2026-03-17 15:22:22.03233,2026-03-17 15:22:22.03233
244,19acd8db-caf6-49b5-a392-919c5e3c9cdb,Strawberry Arnold Palmer,,2026-03-17 15:22:22.037274,2026-03-17 15:22:22.037274
245,19acd8db-caf6-49b5-a392-919c5e3c9cdb,Watermelon N Cream Limeade,,2026-03-17 15:22:22.042133,2026-03-17 15:22:22.042133
246,19acd8db-caf6-49b5-a392-919c5e3c9cdb,Watermelon N Cream Lemonade,,2026-03-17 15:22:22.047558,2026-03-17 15:22:22.047558
247,19acd8db-caf6-49b5-a392-919c5e3c9cdb,Watermelon N Cream Lemon Limeade,,2026-03-17 15:22:22.05315,2026-03-17 15:22:22.05315
248,19acd8db-caf6-49b5-a392-919c5e3c9cdb,Watermelon Lemonade,,2026-03-17 15:22:22.058674,2026-03-17 15:22:22.058674
249,19acd8db-caf6-49b5-a392-919c5e3c9cdb,Watermelon Limeade,,2026-03-17 15:22:22.063552,2026-03-17 15:22:22.063552
250,19acd8db-caf6-49b5-a392-919c5e3c9cdb,Watermelon Lemon Limeade,,2026-03-17 15:22:22.067913,2026-03-17 15:22:22.067913
251,19acd8db-caf6-49b5-a392-919c5e3c9cdb,Watermelon Brazilian Lemonade,,2026-03-17 15:22:22.072202,2026-03-17 15:22:22.072202
252,19acd8db-caf6-49b5-a392-919c5e3c9cdb,Watermelon Arnold Palmer,,2026-03-17 15:22:22.077935,2026-03-17 15:22:22.077935
253,19acd8db-caf6-49b5-a392-919c5e3c9cdb,French Vanilla N Cream Limeade,,2026-03-17 15:22:22.082547,2026-03-17 15:22:22.082547
254,19acd8db-caf6-49b5-a392-919c5e3c9cdb,French Vanilla N Cream Lemonade,,2026-03-17 15:22:22.086946,2026-03-17 15:22:22.086946
255,19acd8db-caf6-49b5-a392-919c5e3c9cdb,French Vanilla N Cream Lemon Limeade,,2026-03-17 15:22:22.092573,2026-03-17 15:22:22.092573
256,19acd8db-caf6-49b5-a392-919c5e3c9cdb,French Vanilla Lemonade,,2026-03-17 15:22:22.097339,2026-03-17 15:22:22.097339
257,19acd8db-caf6-49b5-a392-919c5e3c9cdb,French Vanilla Limeade,,2026-03-17 15:22:22.102493,2026-03-17 15:22:22.102493
258,19acd8db-caf6-49b5-a392-919c5e3c9cdb,French Vanilla Lemon Limeade,,2026-03-17 15:22:22.107307,2026-03-17 15:22:22.107307
259,19acd8db-caf6-49b5-a392-919c5e3c9cdb,French Vanilla Brazilian Lemonade,,2026-03-17 15:22:22.112198,2026-03-17 15:22:22.112198
260,19acd8db-caf6-49b5-a392-919c5e3c9cdb,French Vanilla Arnold Palmer,,2026-03-17 15:22:22.116943,2026-03-17 15:22:22.116943
261,19acd8db-caf6-49b5-a392-919c5e3c9cdb,Cherry N Cream Limeade,,2026-03-17 15:22:22.120709,2026-03-17 15:22:22.120709
262,19acd8db-caf6-49b5-a392-919c5e3c9cdb,Cherry N Cream Lemonade,,2026-03-17 15:22:22.127215,2026-03-17 15:22:22.127215
263,19acd8db-caf6-49b5-a392-919c5e3c9cdb,Cherry N Cream Lemon Limeade,,2026-03-17 15:22:22.132171,2026-03-17 15:22:22.132171
264,19acd8db-caf6-49b5-a392-919c5e3c9cdb,Cherry Lemonade,,2026-03-17 15:22:22.137014,2026-03-17 15:22:22.137014
265,19acd8db-caf6-49b5-a392-919c5e3c9cdb,Cherry Limeade,,2026-03-17 15:22:22.142433,2026-03-17 15:22:22.142433
266,19acd8db-caf6-49b5-a392-919c5e3c9cdb,Cherry Lemon Limeade,,2026-03-17 15:22:22.147723,2026-03-17 15:22:22.147723
267,19acd8db-caf6-49b5-a392-919c5e3c9cdb,Cherry Brazilian Lemonade,,2026-03-17 15:22:22.152011,2026-03-17 15:22:22.152011
268,19acd8db-caf6-49b5-a392-919c5e3c9cdb,Cherry Arnold Palmer,,2026-03-17 15:22:22.157716,2026-03-17 15:22:22.157716
139,19acd8db-caf6-49b5-a392-919c5e3c9cdb,Sugar Free Limeade,Limeade (SF),2026-03-17 15:22:21.283274,2026-03-17 15:24:35.921444
210,19acd8db-caf6-49b5-a392-919c5e3c9cdb,Pina Colada,Pina Coloda,2026-03-17 15:22:21.803596,2026-03-17 15:25:38.502014
269,19acd8db-caf6-49b5-a392-919c5e3c9cdb,Flavor Add-On,Flavor Add On,2026-03-17 15:27:10.235271,2026-03-17 15:27:48.589744
270,19acd8db-caf6-49b5-a392-919c5e3c9cdb,Limeade,,2026-04-02 21:19:57.773184,2026-04-02 21:19:57.773184
271,19acd8db-caf6-49b5-a392-919c5e3c9cdb,"Pineapple
Limeade",,2026-04-02 22:37:28.021183,2026-04-02 22:37:28.021183
272,19acd8db-caf6-49b5-a392-919c5e3c9cdb,"Watermelon
Limeade",,2026-04-02 22:37:28.021183,2026-04-02 22:37:28.021183
273,92193a1d-52d5-4c20-ba07-0ecea6e0245b,"Pineapple
Limeade",,2026-04-03 13:42:21.669548,2026-04-03 13:42:21.669548
274,92193a1d-52d5-4c20-ba07-0ecea6e0245b,"Watermelon
Limeade",,2026-04-03 13:42:21.669548,2026-04-03 13:42:21.669548
105,92193a1d-52d5-4c20-ba07-0ecea6e0245b,Strawberry Lemonade,Lemonade (Regular) - Strawberry,2026-03-09 10:56:12.368577,2026-03-09 10:56:12.368577
275,92193a1d-52d5-4c20-ba07-0ecea6e0245b,Brazilian Limeade,Brazilian Limeade,2026-05-08 09:05:36.815791,2026-05-08 09:05:36.815791
