id,userId,itemName,unitCost,category,sku,updatedAt,quantityOnHand,reorderThreshold,reorderQty
132,92193a1d-52d5-4c20-ba07-0ecea6e0245b,Sugar Free Raspberry,0.29,Sugar Free Syrups,,2026-05-07 22:30:46.091663,0,0,0
120,92193a1d-52d5-4c20-ba07-0ecea6e0245b,Cucumber,0.3,Syrups,,2026-05-07 22:06:33.972421,0,0,0
121,92193a1d-52d5-4c20-ba07-0ecea6e0245b,Lavender,0.29,Syrups,,2026-05-08 13:20:46.677256,123.75,0,0
133,92193a1d-52d5-4c20-ba07-0ecea6e0245b,Sugar Free Strawberry,0.29,Sugar Free Syrups,,2026-05-07 21:38:08.218728,0,0,0
131,92193a1d-52d5-4c20-ba07-0ecea6e0245b,Sugar Free Peach,0.29,Sugar Free Syrups,,2026-05-07 22:06:34.062476,0,0,0
115,92193a1d-52d5-4c20-ba07-0ecea6e0245b,Sugar Free Simple Syrup,0.13,Ingredients,,2026-05-08 13:21:32.93405,128,0,0
113,92193a1d-52d5-4c20-ba07-0ecea6e0245b,Lime,0.22,Ingredients,,2026-05-08 13:16:45.314969,700,50,0
116,92193a1d-52d5-4c20-ba07-0ecea6e0245b,Sweetened Condenced Milk,0.14,Ingredients,,2026-05-08 09:19:57.1689,47,16,0
118,92193a1d-52d5-4c20-ba07-0ecea6e0245b,Candied Orange,0.29,Syrups,,2026-05-08 09:19:57.112052,126.5,32,0
107,92193a1d-52d5-4c20-ba07-0ecea6e0245b,Stickers (Menu),0.05,Supplies,,2026-05-08 13:22:07.952273,1000,0,0
103,92193a1d-52d5-4c20-ba07-0ecea6e0245b,Straws,0.01,Supplies,,2026-05-08 13:18:22.77886,203,100,0
130,92193a1d-52d5-4c20-ba07-0ecea6e0245b,Sugar Free Coconut,0.29,Sugar Free Syrups,,2026-03-05 19:08:39.271793,0,0,0
134,92193a1d-52d5-4c20-ba07-0ecea6e0245b,Sugar Free Cherry,0.29,Sugar Free Syrups,,2026-03-05 19:08:39.278565,0,0,0
129,92193a1d-52d5-4c20-ba07-0ecea6e0245b,Blood Orange,0.29,Syrups,,2026-05-07 22:06:34.129361,0,0,0
124,92193a1d-52d5-4c20-ba07-0ecea6e0245b,Raspberry,0.29,Syrups,,2026-05-08 13:20:08.607862,247.5,0,0
126,92193a1d-52d5-4c20-ba07-0ecea6e0245b,Watermelon,0.29,Syrups,,2026-05-08 13:22:26.432428,123.75,0,0
119,92193a1d-52d5-4c20-ba07-0ecea6e0245b,Coconut,0.29,Syrups,,2026-05-08 09:19:57.241488,122.5,32,0
135,92193a1d-52d5-4c20-ba07-0ecea6e0245b,Flavor Add On,0.29,Syrups,,2026-05-08 09:19:57.185959,0,0,0
111,92193a1d-52d5-4c20-ba07-0ecea6e0245b,Tea Concentrate,0.06,Ingredients,,2026-05-08 09:19:57.128044,196,50,0
104,92193a1d-52d5-4c20-ba07-0ecea6e0245b,Cups & Lids,0.21,Supplies,,2026-05-08 13:26:14.275706,750,100,0
117,92193a1d-52d5-4c20-ba07-0ecea6e0245b,Blue Raspberry,0.29,Syrups,,2026-05-08 09:19:57.241488,121.5,32,0
136,92193a1d-52d5-4c20-ba07-0ecea6e0245b,Glowing Ice Cube,0.27,Supplies,,2026-05-08 13:26:59.123004,250,0,0
140,19acd8db-caf6-49b5-a392-919c5e3c9cdb,Cups & Lids,0.21,Per Cup,,2026-04-02 19:34:04.667563,0,0,0
141,19acd8db-caf6-49b5-a392-919c5e3c9cdb,Stickers (Logo),0.05,Per Label,,2026-04-02 19:34:04.668486,0,0,0
142,19acd8db-caf6-49b5-a392-919c5e3c9cdb,Stickers (Printer),0.01,Per Label,,2026-04-02 19:34:04.669174,0,0,0
143,19acd8db-caf6-49b5-a392-919c5e3c9cdb,Stickers (Menu),0.05,Per Label,,2026-04-02 19:34:04.669905,0,0,0
144,19acd8db-caf6-49b5-a392-919c5e3c9cdb,Cup Labor,0.06,Per Cup,,2026-04-02 19:34:04.670609,0,0,0
145,19acd8db-caf6-49b5-a392-919c5e3c9cdb,Ice,0.19,per lb,,2026-04-02 19:34:04.671244,0,0,0
146,19acd8db-caf6-49b5-a392-919c5e3c9cdb,Water,0.03,per cup (8oz),,2026-04-02 19:34:04.671863,0,0,0
147,19acd8db-caf6-49b5-a392-919c5e3c9cdb,Tea Concentrate,0.06,per cup (8oz),,2026-04-02 19:34:04.672514,0,0,0
148,19acd8db-caf6-49b5-a392-919c5e3c9cdb,Lemon,0.28,Per Cup,,2026-04-02 19:34:04.673146,0,0,0
149,19acd8db-caf6-49b5-a392-919c5e3c9cdb,Lime,0.22,Per Cup,,2026-04-02 19:34:04.673868,0,0,0
150,19acd8db-caf6-49b5-a392-919c5e3c9cdb,Simple Syrup,0.03,Per oz,,2026-04-02 19:34:04.674575,0,0,0
151,19acd8db-caf6-49b5-a392-919c5e3c9cdb,Sugar Free Simple Syrup,0.13,Per oz,,2026-04-02 19:34:04.67547,0,0,0
152,19acd8db-caf6-49b5-a392-919c5e3c9cdb,Sweetened Condenced Milk,0.14,per oz,,2026-04-02 19:34:04.676145,0,0,0
153,19acd8db-caf6-49b5-a392-919c5e3c9cdb,Blue Raspberry,0.29,Per oz,,2026-04-02 19:34:04.677824,0,0,0
154,19acd8db-caf6-49b5-a392-919c5e3c9cdb,Candied Orange,0.29,Per oz,,2026-04-02 19:34:04.67873,0,0,0
155,19acd8db-caf6-49b5-a392-919c5e3c9cdb,Coconut,0.29,Per oz,,2026-04-02 19:34:04.679403,0,0,0
156,19acd8db-caf6-49b5-a392-919c5e3c9cdb,Cucumber,0.3,Per oz,,2026-04-02 19:34:04.680224,0,0,0
157,19acd8db-caf6-49b5-a392-919c5e3c9cdb,Lavender,0.29,Per oz,,2026-04-02 19:34:04.68149,0,0,0
158,19acd8db-caf6-49b5-a392-919c5e3c9cdb,Peach,0.29,Per oz,,2026-04-02 19:34:04.683097,0,0,0
159,19acd8db-caf6-49b5-a392-919c5e3c9cdb,Pineapple,0.29,Per oz,,2026-04-02 19:34:04.684245,0,0,0
160,19acd8db-caf6-49b5-a392-919c5e3c9cdb,Raspberry,0.29,Per oz,,2026-04-02 19:34:04.685114,0,0,0
161,19acd8db-caf6-49b5-a392-919c5e3c9cdb,Strawberry,0.29,Per oz,,2026-04-02 19:34:04.6858,0,0,0
162,19acd8db-caf6-49b5-a392-919c5e3c9cdb,Watermelon,0.29,Per oz,,2026-04-02 19:34:04.686425,0,0,0
164,19acd8db-caf6-49b5-a392-919c5e3c9cdb,Cherry,0.29,Per oz,,2026-04-02 19:34:04.687663,0,0,0
165,19acd8db-caf6-49b5-a392-919c5e3c9cdb,Blood Orange,0.29,Per Oz,,2026-04-02 19:34:04.688462,0,0,0
166,19acd8db-caf6-49b5-a392-919c5e3c9cdb,Sugar Free Coconut,0.29,Per oz,,2026-04-02 19:34:04.689216,0,0,0
167,19acd8db-caf6-49b5-a392-919c5e3c9cdb,Sugar Free Peach,0.29,Per oz,,2026-04-02 19:34:04.689852,0,0,0
168,19acd8db-caf6-49b5-a392-919c5e3c9cdb,Sugar Free Raspberry,0.29,Per oz,,2026-04-02 19:34:04.690473,0,0,0
139,19acd8db-caf6-49b5-a392-919c5e3c9cdb,Straws,0.01,Per Straw,,2026-04-02 19:34:04.663044,0,0,0
163,19acd8db-caf6-49b5-a392-919c5e3c9cdb,French Vanilla,0.29,Per oz,,2026-04-02 19:34:04.687059,0,0,0
169,19acd8db-caf6-49b5-a392-919c5e3c9cdb,Sugar Free Strawberry,0.29,Per oz,,2026-04-02 19:34:04.691128,0,0,0
170,19acd8db-caf6-49b5-a392-919c5e3c9cdb,Sugar Free Cherry,0.29,Per oz,,2026-04-02 19:34:04.692033,0,0,0
171,19acd8db-caf6-49b5-a392-919c5e3c9cdb,Flavor Add On,0.29,Per oz,,2026-04-02 19:34:04.692717,0,0,0
172,19acd8db-caf6-49b5-a392-919c5e3c9cdb,Glowing Ice Cube,0.27,Per Cup,,2026-04-02 19:34:04.693326,0,0,0
109,92193a1d-52d5-4c20-ba07-0ecea6e0245b,Ice,0.19,Ingredients,,2026-05-08 13:14:30.718584,608,50,0
112,92193a1d-52d5-4c20-ba07-0ecea6e0245b,Lemon,0.28,Ingredients,,2026-05-08 13:16:26.794985,920,80,0
108,92193a1d-52d5-4c20-ba07-0ecea6e0245b,Cup Labor,0.06,Labor,,2026-05-08 13:18:02.835713,9652,0,0
114,92193a1d-52d5-4c20-ba07-0ecea6e0245b,Simple Syrup,0.03,Ingredients,,2026-05-08 13:20:23.834213,600,150,0
110,92193a1d-52d5-4c20-ba07-0ecea6e0245b,Water,0.03,Ingredients,,2026-05-08 13:25:00.211116,3840,200,0
128,92193a1d-52d5-4c20-ba07-0ecea6e0245b,Cherry,0.29,Syrups,,2026-05-08 09:19:57.08263,125,32,0
105,92193a1d-52d5-4c20-ba07-0ecea6e0245b,Stickers (Logo),0.05,Supplies,,2026-05-08 09:19:57.300201,153,100,0
106,92193a1d-52d5-4c20-ba07-0ecea6e0245b,Stickers (Printer),0.01,Supplies,,2026-05-08 09:19:57.300201,153,100,0
125,92193a1d-52d5-4c20-ba07-0ecea6e0245b,Strawberry,0.29,Syrups,,2026-05-08 09:19:57.241488,122.75,32,0
122,92193a1d-52d5-4c20-ba07-0ecea6e0245b,Peach,0.29,Syrups,,2026-05-08 09:19:57.241488,126.5,32,0
123,92193a1d-52d5-4c20-ba07-0ecea6e0245b,Pineapple,0.29,Syrups,,2026-05-08 09:19:57.1689,123.75,32,0
127,92193a1d-52d5-4c20-ba07-0ecea6e0245b,French Vanilla,0.29,Syrups,,2026-05-08 09:19:57.112052,125.5,32,0
