date,locationId,grossSales,modifierRevenue,discounts,netSales,tips,squareFees,squareTax,totalCollected,totalWithModifiers
2025-01-10,LVRQ3C0APF339,205.00,0.00,0.00,0.00,16.90,0.00,0.00,205.00,205.00
2025-01-11,LVRQ3C0APF339,1901.60,0.00,9.00,0.00,98.00,0.00,0.00,1892.60,1901.60
2025-01-11,LVYBM098599TD,1724.00,0.00,0.00,0.00,125.20,0.00,0.00,1724.00,1724.00
2025-01-13,LVRQ3C0APF339,54.00,0.00,0.00,0.00,2.00,0.00,0.00,54.00,54.00
2025-01-24,LVRQ3C0APF339,532.00,0.00,8.00,0.00,36.70,0.00,0.00,524.00,532.00
2025-01-24,LVYBM098599TD,458.00,0.00,37.00,0.00,40.25,0.00,0.00,421.00,458.00
2025-01-25,LVRQ3C0APF339,2817.00,0.00,106.00,0.00,169.51,0.00,0.00,2725.00,2817.00
2025-01-25,LVYBM098599TD,852.00,0.00,0.00,0.00,50.75,0.00,0.00,852.00,852.00
2025-02-25,LVRQ3C0APF339,650.00,0.00,300.00,0.00,0.00,0.00,0.00,437.50,650.00
2025-03-08,LVRQ3C0APF339,3453.00,0.00,127.00,0.00,210.25,0.00,0.00,3358.00,3453.00
2025-03-14,LVRQ3C0APF339,530.00,0.00,0.00,0.00,50.96,0.00,0.00,530.00,530.00
2025-03-14,LVYBM098599TD,1494.00,0.00,0.00,0.00,128.65,0.00,0.00,1494.00,1494.00
2025-03-15,LVRQ3C0APF339,1041.00,0.00,36.00,0.00,84.05,0.00,0.00,1005.00,1041.00
2025-03-15,LVYBM098599TD,779.00,0.00,0.00,0.00,56.50,0.00,0.00,779.00,779.00
2025-03-17,LVRQ3C0APF339,143.00,0.00,66.00,0.00,0.00,0.00,0.00,77.00,143.00
2025-03-21,LVRQ3C0APF339,472.00,0.00,2.00,0.00,26.00,0.00,0.00,470.00,472.00
2025-03-21,LVYBM098599TD,937.00,0.00,14.00,0.00,79.05,0.00,0.00,923.00,937.00
2025-03-22,LVRQ3C0APF339,1730.00,0.00,23.00,0.00,114.20,0.00,0.00,1715.00,1730.00
2025-03-22,LVYBM098599TD,2564.00,0.00,62.00,0.00,175.97,0.00,0.00,2502.00,2564.00
2025-03-22,L0Y3QBSRV39VN,435.00,0.00,24.00,0.00,0.00,0.00,0.00,411.00,435.00
2025-04-05,LVRQ3C0APF339,2714.00,0.00,69.50,0.00,170.00,0.00,0.00,2644.50,2714.00
2025-04-11,LVRQ3C0APF339,561.00,0.00,0.00,0.00,39.50,0.00,0.00,561.00,561.00
2025-04-11,LVYBM098599TD,867.00,0.00,19.50,0.00,77.65,0.00,0.00,847.50,867.00
2025-04-11,L0Y3QBSRV39VN,0.75,0.00,0.00,0.00,0.00,0.00,0.00,0.75,0.75
2025-04-12,LVRQ3C0APF339,468.00,0.00,144.25,0.00,41.12,0.00,0.00,323.75,468.00
2025-04-12,LVYBM098599TD,1665.00,0.00,11.00,0.00,97.05,0.00,0.00,1654.00,1665.00
2025-04-12,L0Y3QBSRV39VN,1704.00,0.00,1.00,0.00,103.15,0.00,0.00,1703.00,1704.00
2025-04-17,LVYBM098599TD,365.00,0.00,0.00,0.00,31.25,0.00,0.00,365.00,365.00
2025-04-18,LVYBM098599TD,163.00,0.00,8.00,0.00,9.50,0.00,0.00,155.00,163.00
2025-04-19,LVYBM098599TD,1128.00,0.00,4.00,0.00,62.40,0.00,0.00,1124.00,1128.00
2025-04-25,LVRQ3C0APF339,854.00,0.00,30.00,0.00,50.95,0.00,0.00,824.00,854.00
2025-04-25,LVYBM098599TD,1068.00,0.00,0.00,0.00,75.20,0.00,0.00,1068.00,1068.00
2025-04-26,LVRQ3C0APF339,2908.00,0.00,0.00,0.00,230.30,0.00,0.00,2908.00,2908.00
2025-04-26,LVYBM098599TD,1841.00,0.00,6.00,0.00,142.85,0.00,0.00,1835.00,1841.00
2025-04-31,LVYBM098599TD,237.00,0.00,0.00,0.00,12.00,0.00,0.00,237.00,237.00
2025-05-01,LVYBM098599TD,237.00,0.00,0.00,0.00,12.00,0.00,0.00,237.00,237.00
2025-05-02,LVYBM098599TD,370.00,0.00,30.00,0.00,30.90,0.00,0.00,340.00,370.00
2025-05-03,LVRQ3C0APF339,1827.00,0.00,8.00,0.00,84.85,0.00,0.00,1851.00,1827.00
2025-05-03,LVYBM098599TD,2464.00,0.00,32.25,0.00,154.45,0.00,0.00,2431.75,2464.00
2025-05-08,L0Y3QBSRV39VN,30.00,0.00,14.00,0.00,2.40,0.00,0.00,16.00,30.00
2025-05-09,LVRQ3C0APF339,105.00,0.00,6.00,0.00,5.60,0.00,0.00,99.00,105.00
2025-05-10,LVRQ3C0APF339,1382.00,0.00,5.50,0.00,73.75,0.00,0.00,1384.50,1382.00
2025-05-10,LVYBM098599TD,3962.00,0.00,39.50,0.00,262.35,0.00,0.00,3936.50,3962.00
2025-05-10,L0Y3QBSRV39VN,503.00,0.00,24.00,0.00,20.15,0.00,0.00,479.00,503.00
2025-05-17,LVRQ3C0APF339,24.00,0.00,8.00,0.00,0.00,0.00,0.00,16.00,24.00
2025-05-17,LVYBM098599TD,1896.00,0.00,0.00,0.00,153.35,0.00,0.00,1896.00,1896.00
2025-05-23,LVRQ3C0APF339,657.00,0.00,0.00,0.00,48.50,0.00,0.00,657.00,657.00
2025-05-23,LVYBM098599TD,2804.00,0.00,8.00,0.00,170.55,0.00,0.00,2796.00,2804.00
2025-05-23,L0Y3QBSRV39VN,1651.00,0.00,52.00,0.00,81.95,0.00,0.00,1599.00,1651.00
2025-05-24,LVRQ3C0APF339,1311.00,0.00,0.00,0.00,90.05,0.00,0.00,1319.00,1311.00
2025-05-24,LVYBM098599TD,3224.00,0.00,0.00,0.00,215.05,0.00,0.00,3224.00,3224.00
2025-05-24,L0Y3QBSRV39VN,3477.00,0.00,76.00,0.00,137.40,0.00,0.00,3413.00,3477.00
2025-05-25,LVYBM098599TD,3116.00,0.00,2.00,0.00,219.30,0.00,0.00,3114.00,3116.00
2025-05-26,LVRQ3C0APF339,1431.00,0.00,0.00,0.00,55.05,0.00,0.00,1431.00,1431.00
2025-05-26,LVYBM098599TD,4158.00,0.00,9.50,0.00,214.38,0.00,0.00,4148.50,4158.00
2025-05-27,LVRQ3C0APF339,490.00,0.00,0.00,0.00,32.45,0.00,0.00,490.00,490.00
2025-05-29,LVRQ3C0APF339,1267.00,0.00,1.00,0.00,49.15,0.00,0.00,1266.00,1267.00
2025-05-30,LVRQ3C0APF339,1471.00,0.00,66.00,0.00,129.95,0.00,0.00,1405.00,1471.00
2025-06-07,LVRQ3C0APF339,3927.00,0.00,94.00,0.00,336.00,0.00,0.00,3833.00,3927.00
2025-06-07,LVYBM098599TD,5101.00,0.00,0.00,0.00,345.00,0.00,0.00,5101.00,5101.00
2025-06-07,L0Y3QBSRV39VN,2291.00,0.00,30.00,0.00,125.55,0.00,0.00,2261.00,2291.00
2025-06-11,L0Y3QBSRV39VN,1960.00,0.00,30.00,0.00,115.58,0.00,0.00,1930.00,1960.00
2025-06-12,LVRQ3C0APF339,3653.00,0.00,16.00,0.00,203.70,0.00,0.00,3667.00,3653.00
2025-06-12,L0Y3QBSRV39VN,3536.00,0.00,38.00,0.00,255.35,0.00,0.00,3498.00,3536.00
2025-06-13,LVYBM098599TD,4544.00,0.00,8.00,0.00,240.25,0.00,0.00,4536.00,4544.00
2025-06-13,L0Y3QBSRV39VN,5043.00,0.00,28.00,0.00,362.26,0.00,0.00,5015.00,5043.00
2025-06-14,LVRQ3C0APF339,2180.00,0.00,15.50,0.00,159.53,0.00,0.00,2164.50,2180.00
2025-06-14,LVYBM098599TD,5402.00,0.00,16.00,0.00,280.25,0.00,0.00,5386.00,5402.00
2025-06-14,L0Y3QBSRV39VN,5773.00,0.00,3.20,0.00,325.37,0.00,0.00,5806.80,5773.00
2025-06-15,LVYBM098599TD,4655.10,0.00,16.00,0.00,242.87,0.00,0.00,4639.10,4655.10
2025-06-15,L0Y3QBSRV39VN,2044.00,0.00,0.00,0.00,117.75,0.00,0.00,2044.00,2044.00
2025-06-19,L0Y3QBSRV39VN,593.00,0.00,69.00,0.00,25.50,0.00,0.00,524.00,593.00
2025-06-21,LVRQ3C0APF339,1704.00,0.00,0.00,0.00,128.05,0.00,0.00,1709.50,1704.00
2025-06-21,LVYBM098599TD,902.00,0.00,6.00,0.00,63.80,0.00,0.00,896.00,902.00
2025-06-21,L0Y3QBSRV39VN,1028.10,0.00,16.00,0.00,58.80,0.00,0.00,1012.10,1028.10
2025-06-26,LVYBM098599TD,392.00,0.00,134.00,0.00,30.30,0.00,0.00,258.00,392.00
2025-06-27,LVRQ3C0APF339,1777.00,0.00,67.00,0.00,103.75,0.00,0.00,1728.00,1777.00
2025-06-27,L0Y3QBSRV39VN,2024.00,0.00,12.00,0.00,82.25,0.00,0.00,2012.00,2024.00
2025-06-28,LVRQ3C0APF339,2344.00,0.00,23.50,0.00,149.02,0.00,0.00,2320.50,2344.00
2025-06-28,LVYBM098599TD,1375.05,0.00,18.00,0.00,62.00,0.00,0.00,1357.05,1375.05
2025-06-28,L0Y3QBSRV39VN,3150.00,0.00,44.00,0.00,168.55,0.00,0.00,3106.00,3150.00
2025-07-03,L0Y3QBSRV39VN,948.00,0.00,18.00,0.00,50.90,0.00,0.00,930.00,948.00
2025-07-04,LVYBM098599TD,3336.00,0.00,8.00,0.00,260.05,0.00,0.00,3367.00,3336.00
2025-07-04,L0Y3QBSRV39VN,4374.00,0.00,208.25,0.00,199.20,0.00,0.00,4202.75,4374.00
2025-07-05,L0Y3QBSRV39VN,1011.00,0.00,22.00,0.00,62.20,0.00,0.00,989.00,1011.00
2025-07-06,L0Y3QBSRV39VN,1458.00,0.00,28.00,0.00,158.00,0.00,0.00,1430.00,1458.00
2025-07-09,L0Y3QBSRV39VN,1253.00,0.00,2.00,0.00,59.90,0.00,0.00,1251.00,1253.00
2025-07-10,LVYBM098599TD,2422.00,0.00,50.00,0.00,105.90,0.00,0.00,2372.00,2422.00
2025-07-10,L0Y3QBSRV39VN,1123.00,0.00,6.00,0.00,54.50,0.00,0.00,1117.00,1123.00
2025-07-11,LVYBM098599TD,1773.00,0.00,58.25,0.00,75.15,0.00,0.00,1714.75,1773.00
2025-07-12,LVRQ3C0APF339,3450.00,0.00,67.50,0.00,205.10,0.00,0.00,3382.50,3450.00
2025-07-12,LVYBM098599TD,1375.00,0.00,0.00,0.00,35.25,0.00,0.00,1383.00,1375.00
2025-07-12,L29CDXV71TXHW,2118.00,0.00,1.75,0.00,118.25,0.00,0.00,2116.25,2118.00
2025-07-12,L0Y3QBSRV39VN,1856.00,0.00,15.50,0.00,119.45,0.00,0.00,1840.50,1856.00
2025-07-15,LVRQ3C0APF339,847.00,0.00,0.00,0.00,38.35,0.00,0.00,847.00,847.00
2025-07-15,L29CDXV71TXHW,1167.00,0.00,0.00,0.00,58.20,0.00,0.00,1167.00,1167.00
2025-07-16,L29CDXV71TXHW,1932.00,0.00,0.00,0.00,114.30,0.00,0.00,1932.00,1932.00
2025-07-17,LVRQ3C0APF339,1928.00,0.00,71.00,0.00,81.40,0.00,0.00,1857.00,1928.00
2025-07-17,L29CDXV71TXHW,2260.00,0.00,0.50,0.00,133.20,0.00,0.00,2259.50,2260.00
2025-07-17,L0Y3QBSRV39VN,739.00,0.00,0.00,0.00,42.35,0.00,0.00,739.00,739.00
2025-07-18,LVRQ3C0APF339,3038.00,0.00,325.50,0.00,170.20,0.00,0.00,2712.50,3038.00
2025-07-18,LVYBM098599TD,2033.00,0.00,2.00,0.00,97.25,0.00,0.00,2049.00,2033.00
2025-07-18,L0Y3QBSRV39VN,716.00,0.00,2.00,0.00,41.20,0.00,0.00,714.00,716.00
2025-07-19,LVRQ3C0APF339,1307.00,0.00,195.00,0.00,70.30,0.00,0.00,1112.00,1307.00
2025-07-19,LVYBM098599TD,2033.00,0.00,2.00,0.00,118.30,0.00,0.00,2031.00,2033.00
2025-07-19,L29CDXV71TXHW,1840.00,0.00,12.50,0.00,111.90,0.00,0.00,1835.50,1840.00
2025-07-19,L0Y3QBSRV39VN,2397.00,0.00,8.00,0.00,169.05,0.00,0.00,2397.00,2397.00
2025-07-26,LVRQ3C0APF339,376.00,0.00,35.25,0.00,24.20,0.00,0.00,340.75,376.00
2025-07-26,LVYBM098599TD,1192.00,0.00,18.00,0.00,82.25,0.00,0.00,1174.00,1192.00
2025-07-29,LVRQ3C0APF339,625.00,0.00,250.00,0.00,0.00,0.00,0.00,375.00,625.00
2025-07-30,LVYBM098599TD,7.00,0.00,0.00,0.00,0.00,0.00,0.00,7.00,7.00
2025-07-30,L29CDXV71TXHW,1134.00,0.00,16.00,0.00,62.75,0.00,0.00,1118.00,1134.00
2025-07-30,L0Y3QBSRV39VN,425.00,0.00,0.00,0.00,20.60,0.00,0.00,425.00,425.00
2025-07-31,L29CDXV71TXHW,1469.00,0.00,4.00,0.00,68.10,0.00,0.00,1465.00,1469.00
2025-07-31,L0Y3QBSRV39VN,1225.00,0.00,0.00,0.00,60.86,0.00,0.00,1225.00,1225.00
2025-08-01,L29CDXV71TXHW,1184.00,0.00,0.00,0.00,113.80,0.00,0.00,1184.00,1184.00
2025-08-01,L0Y3QBSRV39VN,1484.00,0.00,2.00,0.00,76.70,0.00,0.00,1482.00,1484.00
2025-08-02,LVRQ3C0APF339,19.00,0.00,0.00,0.00,0.00,0.00,0.00,19.00,19.00
2025-08-02,L29CDXV71TXHW,1619.00,0.00,0.00,0.00,74.95,0.00,0.00,1619.00,1619.00
2025-08-02,L0Y3QBSRV39VN,920.00,0.00,5.25,0.00,52.10,0.00,0.00,914.75,920.00
2025-08-05,LVYBM098599TD,1464.00,0.00,26.00,0.00,85.80,0.00,0.00,1438.00,1464.00
2025-08-05,L29CDXV71TXHW,1030.00,0.00,17.00,0.00,51.90,0.00,0.00,1027.00,1030.00
2025-08-05,L0Y3QBSRV39VN,155.00,0.00,0.00,0.00,8.80,0.00,0.00,155.00,155.00
2025-08-06,LVYBM098599TD,1912.00,0.00,7.00,0.00,68.05,0.00,0.00,1905.00,1912.00
2025-08-06,L29CDXV71TXHW,1371.00,0.00,141.00,0.00,67.90,0.00,0.00,1230.00,1371.00
2025-08-07,LVYBM098599TD,2961.00,0.00,33.00,0.00,168.95,0.00,0.00,2928.00,2961.00
2025-08-07,L29CDXV71TXHW,1247.00,0.00,89.00,0.00,50.80,0.00,0.00,1158.00,1247.00
2025-08-08,LVRQ3C0APF339,8.00,0.00,0.00,0.00,0.00,0.00,0.00,8.00,8.00
2025-08-08,LVYBM098599TD,2160.00,0.00,60.00,0.00,99.97,0.00,0.00,2100.00,2160.00
2025-08-08,L29CDXV71TXHW,795.00,0.00,103.00,0.00,22.70,0.00,0.00,706.00,795.00
2025-08-08,L0Y3QBSRV39VN,2568.00,0.00,0.00,0.00,242.05,0.00,0.00,2568.00,2568.00
2025-08-09,LVRQ3C0APF339,1769.00,0.00,1.50,0.00,106.20,0.00,0.00,1767.50,1769.00
2025-08-09,LVYBM098599TD,2207.00,0.00,27.00,0.00,113.60,0.00,0.00,2180.00,2207.00
2025-08-09,L29CDXV71TXHW,1599.00,0.00,157.00,0.00,54.80,0.00,0.00,1442.00,1599.00
2025-08-09,L0Y3QBSRV39VN,3838.00,0.00,92.00,0.00,373.75,0.00,0.00,3746.00,3838.00
2025-08-10,L0Y3QBSRV39VN,645.00,0.00,0.00,0.00,57.15,0.00,0.00,645.00,645.00
2025-08-15,L0Y3QBSRV39VN,1352.00,0.00,24.00,0.00,32.10,0.00,0.00,1328.00,1352.00
2025-08-16,LVRQ3C0APF339,1047.00,0.00,16.00,0.00,76.10,0.00,0.00,1031.00,1047.00
2025-08-16,LVYBM098599TD,676.00,0.00,34.00,0.00,28.55,0.00,0.00,642.00,676.00
2025-08-16,L29CDXV71TXHW,514.00,0.00,28.50,0.00,37.15,0.00,0.00,485.50,514.00
2025-08-22,LVYBM098599TD,2321.00,0.00,92.00,0.00,83.15,0.00,0.00,2229.00,2321.00
2025-08-23,LVYBM098599TD,724.00,0.00,11.50,0.00,56.55,0.00,0.00,712.50,724.00
2025-08-25,LVRQ3C0APF339,157.00,0.00,0.00,0.00,7.40,0.00,0.00,157.00,157.00
2025-08-25,LVYBM098599TD,563.00,0.00,0.00,0.00,24.65,0.00,0.00,563.00,563.00
2025-08-26,LVYBM098599TD,577.00,0.00,1.50,0.00,41.30,0.00,0.00,575.50,577.00
2025-08-28,LVYBM098599TD,750.00,0.00,0.00,0.00,27.40,0.00,0.00,750.00,750.00
2025-08-28,L29CDXV71TXHW,737.00,0.00,18.75,0.00,39.86,0.00,0.00,718.25,737.00
2025-08-28,L0Y3QBSRV39VN,263.00,0.00,12.00,0.00,25.25,0.00,0.00,251.00,263.00
2025-08-29,LVYBM098599TD,693.00,0.00,0.00,0.00,32.40,0.00,0.00,693.00,693.00
2025-08-29,L29CDXV71TXHW,2167.00,0.00,20.50,0.00,150.37,0.00,0.00,2146.50,2167.00
2025-08-29,L0Y3QBSRV39VN,1334.00,0.00,37.50,0.00,58.60,0.00,0.00,1303.50,1334.00
2025-08-30,LVYBM098599TD,3223.00,0.00,22.00,0.00,116.75,0.00,0.00,3201.00,3223.00
2025-08-30,L29CDXV71TXHW,3009.00,0.00,19.00,0.00,166.80,0.00,0.00,2990.00,3009.00
2025-08-30,L0Y3QBSRV39VN,1502.00,0.00,41.00,0.00,83.70,0.00,0.00,1461.00,1502.00
2025-08-31,LVYBM098599TD,1396.00,0.00,25.50,0.00,72.05,0.00,0.00,1370.50,1396.00
2025-08-31,L0Y3QBSRV39VN,1037.00,0.00,11.40,0.00,66.50,0.00,0.00,1025.60,1037.00
2025-09-01,LVYBM098599TD,1099.00,0.00,0.00,0.00,70.45,0.00,0.00,1099.00,1099.00
2025-09-01,L0Y3QBSRV39VN,4179.00,0.00,2.25,0.00,231.72,0.00,0.00,4176.75,4179.00
2025-09-05,L29CDXV71TXHW,1528.00,0.00,26.00,0.00,49.40,0.00,0.00,1502.00,1528.00
2025-09-06,L29CDXV71TXHW,1797.00,0.00,0.00,0.00,142.30,0.00,0.00,1797.00,1797.00
2025-09-06,L0Y3QBSRV39VN,814.00,0.00,2.00,0.00,58.05,0.00,0.00,812.00,814.00
2025-09-08,LVRQ3C0APF339,150.00,0.00,0.00,0.00,0.00,0.00,0.00,150.00,150.00
2025-09-12,LVRQ3C0APF339,1745.00,0.00,4.00,0.00,104.15,0.00,0.00,1741.00,1745.00
2025-09-13,LVRQ3C0APF339,1168.00,0.00,1.50,0.00,84.45,0.00,0.00,1166.50,1168.00
2025-09-13,LVYBM098599TD,3571.00,0.00,13.00,0.00,346.46,0.00,0.00,3558.00,3571.00
2025-09-13,L29CDXV71TXHW,791.00,0.00,3.50,0.00,50.55,0.00,0.00,787.50,791.00
2025-09-13,L0Y3QBSRV39VN,783.00,0.00,12.00,0.00,58.95,0.00,0.00,771.00,783.00
2025-09-17,LVRQ3C0APF339,1462.00,0.00,34.00,0.00,85.75,0.00,0.00,1428.00,1462.00
2025-09-18,L29CDXV71TXHW,2853.00,0.00,89.00,0.00,73.10,0.00,0.00,2764.00,2853.00
2025-09-19,LVRQ3C0APF339,185.00,0.00,8.00,0.00,25.60,0.00,0.00,177.00,185.00
2025-09-19,L0Y3QBSRV39VN,843.00,0.00,159.00,0.00,23.40,0.00,0.00,684.00,843.00
2025-09-20,LVRQ3C0APF339,117.00,0.00,0.00,0.00,9.65,0.00,0.00,117.00,117.00
2025-09-21,LVRQ3C0APF339,119.00,0.00,8.00,0.00,11.45,0.00,0.00,111.00,119.00
2025-09-22,LVRQ3C0APF339,1602.50,0.00,0.00,0.00,0.00,0.00,0.00,400.62,1602.50
2025-09-25,LVRQ3C0APF339,1108.00,0.00,24.00,0.00,106.75,0.00,0.00,1084.00,1108.00
2025-09-26,LVRQ3C0APF339,301.00,0.00,22.00,0.00,25.20,0.00,0.00,279.00,301.00
2025-09-26,L29CDXV71TXHW,1357.00,0.00,28.00,0.00,58.90,0.00,0.00,1337.00,1357.00
2025-09-27,LVRQ3C0APF339,1536.00,0.00,38.00,0.00,138.50,0.00,0.00,1498.00,1536.00
2025-09-27,L29CDXV71TXHW,1154.00,0.00,90.50,0.00,102.90,0.00,0.00,1063.50,1154.00
2025-09-28,LVRQ3C0APF339,1130.00,0.00,20.50,0.00,74.60,0.00,0.00,1109.50,1130.00
2025-09-29,LVYBM098599TD,158.00,0.00,30.00,0.00,6.10,0.00,0.00,128.00,158.00
2025-09-30,LVYBM098599TD,85.00,0.00,0.00,0.00,3.00,0.00,0.00,85.00,85.00
2025-09-31,LVYBM098599TD,243.00,0.00,20.50,0.00,26.95,0.00,0.00,222.50,243.00
2025-10-01,LVYBM098599TD,243.00,0.00,20.50,0.00,26.95,0.00,0.00,222.50,243.00
2025-10-02,LVYBM098599TD,514.00,0.00,2.00,0.00,34.35,0.00,0.00,519.00,514.00
2025-10-02,L29CDXV71TXHW,1354.00,0.00,74.00,0.00,76.95,0.00,0.00,1280.00,1354.00
2025-10-03,LVYBM098599TD,413.00,0.00,8.00,0.00,20.55,0.00,0.00,405.00,413.00
2025-10-03,L29CDXV71TXHW,437.00,0.00,41.00,0.00,24.10,0.00,0.00,396.00,437.00
2025-10-03,L0Y3QBSRV39VN,1203.00,0.00,43.00,0.00,54.10,0.00,0.00,1160.00,1203.00
2025-10-04,LVYBM098599TD,29.00,0.00,0.00,0.00,0.00,0.00,0.00,29.00,29.00
2025-10-05,LVYBM098599TD,921.00,0.00,73.00,0.00,48.60,0.00,0.00,848.00,921.00
2025-10-06,LVYBM098599TD,93.00,0.00,0.00,0.00,5.40,0.00,0.00,93.00,93.00
2025-10-07,LVRQ3C0APF339,1602.50,0.00,0.00,0.00,175.00,0.00,0.00,1201.88,1602.50
2025-10-07,LVYBM098599TD,131.00,0.00,43.00,0.00,7.70,0.00,0.00,88.00,131.00
2025-10-08,LVYBM098599TD,426.00,0.00,18.00,0.00,36.55,0.00,0.00,408.00,426.00
2025-10-09,LVYBM098599TD,570.00,0.00,16.00,0.00,31.00,0.00,0.00,554.00,570.00
2025-10-09,L29CDXV71TXHW,962.00,0.00,22.50,0.00,70.90,0.00,0.00,939.50,962.00
2025-10-10,LVYBM098599TD,1371.00,0.00,0.00,0.00,89.45,0.00,0.00,1371.00,1371.00
2025-10-10,L29CDXV71TXHW,913.00,0.00,31.00,0.00,64.20,0.00,0.00,882.00,913.00
2025-10-10,L0Y3QBSRV39VN,5972.00,0.00,67.00,0.00,460.50,0.00,0.00,5905.00,5972.00
2025-10-11,LVYBM098599TD,599.00,0.00,1.50,0.00,41.35,0.00,0.00,597.50,599.00
2025-10-11,L29CDXV71TXHW,1331.00,0.00,59.00,0.00,90.50,0.00,0.00,1272.00,1331.00
2025-10-11,L0Y3QBSRV39VN,4250.00,0.00,22.00,0.00,412.43,0.00,0.00,4228.00,4250.00
2025-10-12,LVYBM098599TD,2528.00,0.00,18.00,0.00,133.85,0.00,0.00,2510.00,2528.00
2025-10-12,L0Y3QBSRV39VN,9204.00,0.00,148.25,0.00,786.50,0.00,0.00,9063.75,9204.00
2025-10-13,LVYBM098599TD,424.00,0.00,24.00,0.00,24.40,0.00,0.00,400.00,424.00
2025-10-14,LVYBM098599TD,396.00,0.00,25.50,0.00,21.50,0.00,0.00,370.50,396.00
2025-10-15,LVRQ3C0APF339,267.00,0.00,8.00,0.00,14.00,0.00,0.00,259.00,267.00
2025-10-15,LVYBM098599TD,189.00,0.00,0.00,0.00,14.55,0.00,0.00,189.00,189.00
2025-10-16,LVRQ3C0APF339,1074.00,0.00,8.00,0.00,67.45,0.00,0.00,1066.00,1074.00
2025-10-16,LVYBM098599TD,329.00,0.00,22.00,0.00,18.35,0.00,0.00,307.00,329.00
2025-10-17,LVRQ3C0APF339,1831.00,0.00,21.00,0.00,119.30,0.00,0.00,1810.00,1831.00
2025-10-17,LVYBM098599TD,1286.00,0.00,0.00,0.00,58.55,0.00,0.00,1286.00,1286.00
2025-10-18,LVRQ3C0APF339,2495.00,0.00,77.00,0.00,129.90,0.00,0.00,2418.00,2495.00
2025-10-18,LVYBM098599TD,3122.00,0.00,32.00,0.00,189.50,0.00,0.00,3090.00,3122.00
2025-10-18,L0Y3QBSRV39VN,1288.00,0.00,51.50,0.00,103.05,0.00,0.00,1236.50,1288.00
2025-10-19,LVYBM098599TD,4186.00,0.00,11.75,0.00,268.94,0.00,0.00,4174.25,4186.00
2025-10-20,LVYBM098599TD,240.00,0.00,16.00,0.00,11.60,0.00,0.00,224.00,240.00
2025-10-21,LVYBM098599TD,312.00,0.00,12.00,0.00,22.20,0.00,0.00,300.00,312.00
2025-10-22,LVYBM098599TD,430.00,0.00,26.00,0.00,31.50,0.00,0.00,404.00,430.00
2025-10-23,LVYBM098599TD,824.00,0.00,26.00,0.00,62.60,0.00,0.00,804.00,824.00
2025-10-24,LVYBM098599TD,855.00,0.00,21.50,0.00,44.70,0.00,0.00,839.50,855.00
2025-10-24,L0Y3QBSRV39VN,1558.00,0.00,25.00,0.00,132.25,0.00,0.00,1533.00,1558.00
2025-10-25,LVYBM098599TD,2852.00,0.00,37.00,0.00,210.52,0.00,0.00,2894.00,2852.00
2025-10-25,L0Y3QBSRV39VN,2092.00,0.00,78.50,0.00,169.35,0.00,0.00,2013.50,2092.00
2025-10-26,LVYBM098599TD,1366.00,0.00,32.75,0.00,111.45,0.00,0.00,1333.25,1366.00
2025-10-27,LVYBM098599TD,221.00,0.00,16.00,0.00,17.00,0.00,0.00,205.00,221.00
2025-10-28,LVYBM098599TD,198.00,0.00,26.00,0.00,11.90,0.00,0.00,172.00,198.00
2025-10-29,LVYBM098599TD,291.00,0.00,13.00,0.00,18.65,0.00,0.00,278.00,291.00
2025-10-30,LVYBM098599TD,381.00,0.00,0.00,0.00,24.90,0.00,0.00,381.00,381.00
2025-10-31,LVYBM098599TD,270.00,0.00,0.00,0.00,17.40,0.00,0.00,270.00,270.00
2025-11-01,LVYBM098599TD,369.00,0.00,54.00,0.00,29.20,0.00,0.00,315.00,369.00
2025-12-05,LVYBM098599TD,354.00,0.00,10.00,0.00,19.85,0.00,0.00,344.00,354.00
2025-12-06,LVYBM098599TD,1502.00,0.00,55.00,0.00,92.50,0.00,0.00,1479.00,1502.00